-- MySQL dump 10.13  Distrib 5.7.19, for Linux (x86_64)
--
-- Host: localhost    Database: side_production
-- ------------------------------------------------------
-- Server version	5.7.19-0ubuntu0.16.04.1

/*!40101 SET @OLD_CHARACTER_SET_CLIENT=@@CHARACTER_SET_CLIENT */;
/*!40101 SET @OLD_CHARACTER_SET_RESULTS=@@CHARACTER_SET_RESULTS */;
/*!40101 SET @OLD_COLLATION_CONNECTION=@@COLLATION_CONNECTION */;
/*!40101 SET NAMES utf8 */;
/*!40103 SET @OLD_TIME_ZONE=@@TIME_ZONE */;
/*!40103 SET TIME_ZONE='+00:00' */;
/*!40014 SET @OLD_UNIQUE_CHECKS=@@UNIQUE_CHECKS, UNIQUE_CHECKS=0 */;
/*!40014 SET @OLD_FOREIGN_KEY_CHECKS=@@FOREIGN_KEY_CHECKS, FOREIGN_KEY_CHECKS=0 */;
/*!40101 SET @OLD_SQL_MODE=@@SQL_MODE, SQL_MODE='NO_AUTO_VALUE_ON_ZERO' */;
/*!40111 SET @OLD_SQL_NOTES=@@SQL_NOTES, SQL_NOTES=0 */;

--
-- Table structure for table `api_application`
--

DROP TABLE IF EXISTS `api_application`;
/*!40101 SET @saved_cs_client     = @@character_set_client */;
/*!40101 SET character_set_client = utf8 */;
CREATE TABLE `api_application` (
  `graphbase_ptr_id` int(11) NOT NULL,
  `uuid` char(32) NOT NULL,
  `description` varchar(1024) NOT NULL,
  `public_view` tinyint(1) NOT NULL,
  `public_editable` tinyint(1) NOT NULL,
  `status` int(11) NOT NULL,
  `drip_plan_id` varchar(255) NOT NULL,
  PRIMARY KEY (`graphbase_ptr_id`),
  CONSTRAINT `api_application_graphbase_ptr_id_3188b47f_fk_api_graphbase_id` FOREIGN KEY (`graphbase_ptr_id`) REFERENCES `api_graphbase` (`id`)
) ENGINE=InnoDB DEFAULT CHARSET=latin1;
/*!40101 SET character_set_client = @saved_cs_client */;

--
-- Dumping data for table `api_application`
--

LOCK TABLES `api_application` WRITE;
/*!40000 ALTER TABLE `api_application` DISABLE KEYS */;
INSERT INTO `api_application` VALUES (127,'c62d9cf3b0a547849274eda672fcd2f3','1212',0,0,0,''),(135,'9192d898ba064d92a99715cf4be934b6','1212',0,0,1,''),(144,'38471213291a4bec845803e916a572c1','An example of a Jitsi meet application that can be deployed using Kubernetes.',0,0,0,''),(155,'3165fafa42394b089885470e31e67930','cc',0,0,1,''),(175,'f1164d681a2e4518a9974191369e5b22','This is a mog simple application with one input distributor and one proxy transcoder',0,0,2,''),(187,'dee05806a9a244769e7f59678b683832','test',1,1,0,''),(198,'3e8620c3f8be41f5958b85e06b8fd74d','MOG use case',0,0,0,''),(210,'ee6878113be24b59abe8b1d30e9aedc8','MOG use case',1,0,0,''),(211,'887ae9dcd2334d1bb5ea7611c74b01bb','bb',0,0,0,''),(214,'f1357df585fa46ef85c671174fe9262c','',0,0,0,''),(234,'53e0bc1b20874fc68bfd5e265ddfa356','A simple aplication to demosntrate the functionality of the system.',0,0,0,'');
/*!40000 ALTER TABLE `api_application` ENABLE KEYS */;
UNLOCK TABLES;

--
-- Table structure for table `api_applicationinstance`
--

DROP TABLE IF EXISTS `api_applicationinstance`;
/*!40101 SET @saved_cs_client     = @@character_set_client */;
/*!40101 SET character_set_client = utf8 */;
CREATE TABLE `api_applicationinstance` (
  `graphbase_ptr_id` int(11) NOT NULL,
  `type` int(11) NOT NULL,
  `status` int(11) NOT NULL,
  `application_id` int(11) NOT NULL,
  PRIMARY KEY (`graphbase_ptr_id`),
  KEY `api__application_id_20f21226_fk_api_application_graphbase_ptr_id` (`application_id`),
  CONSTRAINT `api__application_id_20f21226_fk_api_application_graphbase_ptr_id` FOREIGN KEY (`application_id`) REFERENCES `api_application` (`graphbase_ptr_id`),
  CONSTRAINT `api_applicationins_graphbase_ptr_id_31188eb2_fk_api_graphbase_id` FOREIGN KEY (`graphbase_ptr_id`) REFERENCES `api_graphbase` (`id`)
) ENGINE=InnoDB DEFAULT CHARSET=latin1;
/*!40101 SET character_set_client = @saved_cs_client */;

--
-- Dumping data for table `api_applicationinstance`
--

LOCK TABLES `api_applicationinstance` WRITE;
/*!40000 ALTER TABLE `api_applicationinstance` DISABLE KEYS */;
INSERT INTO `api_applicationinstance` VALUES (236,0,0,234);
/*!40000 ALTER TABLE `api_applicationinstance` ENABLE KEYS */;
UNLOCK TABLES;

--
-- Table structure for table `api_component`
--

DROP TABLE IF EXISTS `api_component`;
/*!40101 SET @saved_cs_client     = @@character_set_client */;
/*!40101 SET character_set_client = utf8 */;
CREATE TABLE `api_component` (
  `graphbase_ptr_id` int(11) NOT NULL,
  `type_id` int(11) NOT NULL,
  PRIMARY KEY (`graphbase_ptr_id`),
  KEY `api_component_94757cae` (`type_id`),
  CONSTRAINT `api_component_graphbase_ptr_id_2eadc72a_fk_api_graphbase_id` FOREIGN KEY (`graphbase_ptr_id`) REFERENCES `api_graphbase` (`id`),
  CONSTRAINT `api_component_type_id_120bffab_fk_api_componenttype_id` FOREIGN KEY (`type_id`) REFERENCES `api_componenttype` (`id`)
) ENGINE=InnoDB DEFAULT CHARSET=latin1;
/*!40101 SET character_set_client = @saved_cs_client */;

--
-- Dumping data for table `api_component`
--

LOCK TABLES `api_component` WRITE;
/*!40000 ALTER TABLE `api_component` DISABLE KEYS */;
INSERT INTO `api_component` VALUES (5,5),(6,6),(7,7),(8,8),(25,25),(30,30),(31,31),(35,35),(40,40),(45,45),(70,70),(172,119),(173,120),(178,121),(196,122),(197,123),(200,127),(206,131),(207,132),(208,133),(209,134),(215,136),(225,150),(226,151),(227,152),(228,153),(229,154),(233,156);
/*!40000 ALTER TABLE `api_component` ENABLE KEYS */;
UNLOCK TABLES;

--
-- Table structure for table `api_componentclass`
--

DROP TABLE IF EXISTS `api_componentclass`;
/*!40101 SET @saved_cs_client     = @@character_set_client */;
/*!40101 SET character_set_client = utf8 */;
CREATE TABLE `api_componentclass` (
  `id` int(11) NOT NULL AUTO_INCREMENT,
  `title` varchar(255) NOT NULL,
  `classpath` varchar(255) NOT NULL,
  `is_core_component` tinyint(1) NOT NULL,
  `is_template_component` tinyint(1) NOT NULL,
  PRIMARY KEY (`id`)
) ENGINE=InnoDB AUTO_INCREMENT=9 DEFAULT CHARSET=latin1;
/*!40101 SET character_set_client = @saved_cs_client */;

--
-- Dumping data for table `api_componentclass`
--

LOCK TABLES `api_componentclass` WRITE;
/*!40000 ALTER TABLE `api_componentclass` DISABLE KEYS */;
INSERT INTO `api_componentclass` VALUES (1,'switch.Component','',1,1),(2,'switch.Attribute','',0,1),(3,'switch.DST','',0,1),(4,'switch.VirtualResource','',0,1),(5,'switch.Host','',0,0),(6,'switch.Group','',0,0),(7,'switch.ComponentLink','',0,0),(8,'switch.ServiceLink','',0,0);
/*!40000 ALTER TABLE `api_componentclass` ENABLE KEYS */;
UNLOCK TABLES;

--
-- Table structure for table `api_componentinstance`
--

DROP TABLE IF EXISTS `api_componentinstance`;
/*!40101 SET @saved_cs_client     = @@character_set_client */;
/*!40101 SET character_set_client = utf8 */;
CREATE TABLE `api_componentinstance` (
  `id` int(11) NOT NULL AUTO_INCREMENT,
  `uuid` char(32) NOT NULL,
  `title` varchar(255) NOT NULL,
  `mode` varchar(255) NOT NULL,
  `properties` longtext NOT NULL,
  `artifacts` longtext NOT NULL,
  `created_at` datetime(6) NOT NULL,
  `updated_at` datetime(6) NOT NULL,
  `last_x` int(11) DEFAULT NULL,
  `last_y` int(11) DEFAULT NULL,
  `graph_id` int(11) NOT NULL,
  `component_id` int(11) NOT NULL,
  PRIMARY KEY (`id`),
  KEY `api_componentinstance_1ec0e39d` (`graph_id`),
  KEY `api_componentinstance_ef5a1f55` (`component_id`),
  CONSTRAINT `api_compo_component_id_cc41daa_fk_api_component_graphbase_ptr_id` FOREIGN KEY (`component_id`) REFERENCES `api_component` (`graphbase_ptr_id`),
  CONSTRAINT `api_componentinstance_graph_id_37d022ab_fk_api_graphbase_id` FOREIGN KEY (`graph_id`) REFERENCES `api_graphbase` (`id`)
) ENGINE=InnoDB AUTO_INCREMENT=915 DEFAULT CHARSET=latin1;
/*!40101 SET character_set_client = @saved_cs_client */;

--
-- Dumping data for table `api_componentinstance`
--

LOCK TABLES `api_componentinstance` WRITE;
/*!40000 ALTER TABLE `api_componentinstance` DISABLE KEYS */;
INSERT INTO `api_componentinstance` VALUES (1,'11274b399b094d0b97bdaac7c3fbcb65','Default Component Link','single','bandwidth: SET_ITS_VALUE\nlatency: SET_ITS_VALUE\nnetmask: SET_ITS_VALUE\nsource_address: SET_ITS_VALUE\ntarget_address: SET_ITS_VALUE\nQoS:\n  response_time: SET_ITS_VALUE','','2016-11-17 00:00:00.000000','2016-11-17 00:00:00.000000',0,0,45,45),(2,'27fd2a4d0ffd4461bd801fbd0f03f429','Default Component Group','single','data: enter metadata as YAML','','2016-11-17 00:00:00.000000','2016-11-17 00:00:00.000000',0,0,40,40),(3,'c7302a9152c04cae8aad4d1cd13c3bb6','hw_requirement','single','host:\n  cpu_frequency: SET_ITS_VALUE\n  disk_size: SET_ITS_VALUE\n  mem_size: SET_ITS_VALUE\n  num_cpus: SET_ITS_VALUE\nos:\n  architecture: x86_64\n  distribution: ubuntu\n  os_version: 16.04\n  type: linux\n','','2017-02-01 11:38:46.631387','2017-02-01 11:38:56.712441',400,200,8,8),(4,'53307ef7a0c84491aa325cb8a9c7ae96','qos_constraint','single','QoS:\n  response_time: SET_ITS_VALUE','','2017-02-01 11:39:46.889710','2017-02-01 11:40:08.392853',400,200,6,6),(5,'c8539e81b61e40c5ad44f80bf71fd29c','monitoring_server','single','ports_mapping:\n  port_mapping_0:\n    container_port: 8080\n    host_port: 8080\n  port_mapping_1:\n    container_port: 4242\n    host_port: 4242\n  port_mapping_2:\n    container_port: 4245\n    host_port: 4245\n  port_mapping_3:\n    container_port: 7199\n    host_port: 7199\n  port_mapping_4:\n    container_port: 7000\n    host_port: 7000\n  port_mapping_5:\n    container_port: 7001\n    host_port: 7001\n  port_mapping_6:\n    container_port: 9160\n    host_port: 9160\n  port_mapping_7:\n    container_port: 9042\n    host_port: 9042\n  port_mapping_8:\n    container_port: 8012\n    host_port: 8012\n  port_mapping_9:\n    container_port: 61621\n    host_port: 61621\n','monitoring_server_image:\n  file: salmant/salman_monitoring_server_container_image\n  repository: SWITCH_docker_hub\n  type: tosca.artifacts.Deployment.Image.Container.Docker\n','2017-02-01 11:51:19.753240','2017-02-01 11:52:00.907901',400,200,70,70),(6,'5faf015c8f034dfb82bb944fcd398e04','hw_requirement','single','host:\n  cpu_frequency: 1.2\n  disk_size: 20\n  mem_size: 4\n  num_cpus: 1\nos:\n  architecture: x86_64\n  distribution: ubuntu\n  os_version: 16.04\n  type: linux\n','','2017-02-01 11:51:27.715433','2017-02-01 11:52:01.004087',444,300,70,8),(7,'0cbe3d84177c47338ce2661eb11a89bc','qos_constraint','single','QoS:\n  response_time: 50','','2017-02-01 11:51:49.924456','2017-02-01 11:52:01.176618',448,100,70,6),(8,'099720a7f5184f1a88b749338408663a','vm','single','OStype: SET_ITS_VALUE\ndomain: SET_ITS_VALUE\ninstallation: SET_ITS_VALUE\nnodetype: SET_ITS_VALUE\npublic_address: SET_ITS_VALUE\nrole: SET_ITS_VALUE\nscript: SET_ITS_VALUE\n','','2017-02-01 12:07:52.161704','2017-02-01 12:07:56.733689',400,200,30,30),(9,'d8365756e01f46e588b64eaf0a534291','subnet','single','name: SET_ITS_VALUE\nnetmask: 255.255.255.0\nsubnet: 192.168.10.0\n','','2017-02-01 12:08:37.108958','2017-02-01 12:08:41.614214',400,200,31,31),(10,'d8365756e01f46e588b64eaf0a534292','adaptation_policy','single','data: enter metadata as YAML','','2017-02-01 12:10:20.234163','2017-02-01 12:10:20.235043',400,200,7,7),(11,'48f90f9849f94674bd2ec4fc0ce24499','monitoring_agent','single','agent_id: null\nprobes:\n  CPU_Probe:\n    active: true\n    metrics:\n      cpuIOwait_metric:\n        name: cpuIOwait\n        type: double\n        unit: \'%\'\n      cpuIdle_metric:\n        name: cpuIdle\n        type: double\n        unit: \'%\'\n      cpuSystem_metric:\n        name: cpuSystem\n        type: double\n        unit: \'%\'\n      cpuTotal_metric:\n        name: cpuTotal\n        thresholds:\n          threshold_0:\n            operator: greater_than\n            value: 80\n          threshold_1:\n            operator: less_than\n            value: 20\n        type: double\n        unit: \'%\'\n      cpuUser_metric:\n        name: cpuUser\n        type: double\n        unit: \'%\'\n    name: CPU\n    static: false\n  DiskStats_Probe:\n    active: true\n    metrics:\n      iotime_metric:\n        name: iotime\n        thresholds:\n          threshold_0:\n            operator: greater_than\n            value: 60\n        type: double\n        unit: \'%\'\n      readkbps_metric:\n        name: readkbps\n        type: double\n        unit: KB/s\n      writekbps_metric:\n        name: writekbps\n        type: double\n        unit: KB/s\n    name: DiskStats\n    static: false\n  Disk_Probe:\n    active: true\n    metrics:\n      diskFree_metric:\n        name: diskFree\n        thresholds:\n          threshold_0:\n            operator: greater_than\n            value: 500\n        type: long\n        unit: MB\n      diskTotal_metric:\n        name: diskTotal\n        type: long\n        unit: MB\n    name: Disk\n    static: false\n  Memory_Probe:\n    active: true\n    metrics:\n      memCache_metric:\n        name: memCache\n        type: integer\n        unit: KB\n      memFree_metric:\n        name: memFree\n        type: integer\n        unit: KB\n      memSwapFree_metric:\n        name: memSwapFree\n        type: integer\n        unit: KB\n      memSwapTotal_metric:\n        name: memSwapTotal\n        type: integer\n        unit: KB\n      memTotal_metric:\n        name: memTotal\n        thresholds: null\n        type: integer\n        unit: KB\n      memUsedPercent_metric:\n        name: memUsedPercent\n        thresholds:\n          threshold_0:\n            operator: greater_than\n            value: 80\n          threshold_1:\n            operator: less_than\n            value: 20\n        type: double\n        unit: \'%\'\n      memUsed_metric:\n        name: memUsed\n        type: integer\n        unit: KB\n    name: Memory\n    static: false\n  Network_Probe:\n    active: true\n    metrics:\n      netBytesIN_metric:\n        name: netBytesIN\n        type: double\n        unit: bytes/s\n      netBytesOUT_metric:\n        name: netBytesOUT\n        type: double\n        unit: bytes/s\n      netPacketsIN_metric:\n        name: netPacketsIN\n        type: double\n        unit: bytes/s\n      netPacketsOUT_metric:\n        name: netPacketsOUT\n        type: double\n        unit: bytes/s\n    name: Network\n    static: false\n  StaticInfo_Probe:\n    active: true\n    metrics:\n      arch_metric:\n        name: arch\n        type: string\n        btime_metric:\n        name: btime\n        type: string\n      cpuNum_metric:\n        name: cpuNum\n        type: string\n      os_metric:\n        name: os\n        type: string\n    name: StaticInfo\n    static: true','','2017-02-01 13:15:36.185232','2017-02-01 13:16:17.312666',400,200,5,5),(12,'27fd2a4d0ffd4461bd801fbd0f03f429','Default Deployed Host','single','','','2016-11-17 00:00:00.000000','2016-11-17 00:00:00.000000',0,0,35,35),(13,'7cacc2bd96af410fbfaa12017d05f588','dst','single','ports_mapping:\n  port_mapping_0:\n    container_port: 8080\n    host_port: 8080\n  port_mapping_1:\n    container_port: 4242\n    host_port: 4242\n  port_mapping_2:\n    container_port: 4245\n    host_port: 4245\n  port_mapping_3:\n    container_port: 7199\n    host_port: 7199\n  port_mapping_4:\n    container_port: 7000\n    host_port: 7000\n  port_mapping_5:\n    container_port: 7001\n    host_port: 7001\n  port_mapping_6:\n    container_port: 9160\n    host_port: 9160\n  port_mapping_7:\n    container_port: 9042\n    host_port: 9042\n  port_mapping_8:\n    container_port: 8012\n    host_port: 8012\n  port_mapping_9:\n    container_port: 61621\n    host_port: 61621\n','monitoring_server_image:\n  file: salmant/salman_monitoring_server_container_image\n  repository: SWITCH_docker_hub\n  type: tosca.artifacts.Deployment.Image.Container.Docker\n','2017-02-01 11:51:19.753240','2017-02-01 11:52:00.907901',400,200,25,25),(138,'d8b1d8d56eb14aec95549fd38d0dc554','qos_constraint','single','QoS:\n  response_time: 50','','2017-03-07 17:51:26.683773','2017-06-23 15:47:18.817000',1004,49,127,6),(139,'4a29fc194e83460c844a64ad2417fef9','hw_requirement','single','host:\n  cpu_frequency: 1.5\n  disk_size: 80\n  mem_size: 16\n  num_cpus: 2\nos:\n  architecture: x86_64\n  distribution: ubuntu\n  os_version: 16.04\n  type: linux','','2017-03-07 17:51:26.752498','2017-06-23 15:47:18.910000',1123,157,127,8),(140,'1235f40c1af74550897bd111f2486b3a','monitoring_agent','single','agent_id: null\nprobes:\n  CPU_Probe:\n    active: true\n    metrics:\n      cpuIOwait_metric:\n        name: cpuIOwait\n        type: double\n        unit: \'%\'\n      cpuIdle_metric:\n        name: cpuIdle\n        type: double\n        unit: \'%\'\n      cpuSystem_metric:\n        name: cpuSystem\n        type: double\n        unit: \'%\'\n      cpuTotal_metric:\n        name: cpuTotal\n        thresholds:\n          threshold_0:\n            operator: greater_than\n            value: 80\n          threshold_1:\n            operator: less_than\n            value: 20\n        type: double\n        unit: \'%\'\n      cpuUser_metric:\n        name: cpuUser\n        type: double\n        unit: \'%\'\n    name: CPU\n    static: false\n  DiskStats_Probe:\n    active: true\n    metrics:\n      iotime_metric:\n        name: iotime\n        thresholds:\n          threshold_0:\n            operator: greater_than\n            value: 60\n        type: double\n        unit: \'%\'\n      readkbps_metric:\n        name: readkbps\n        type: double\n        unit: KB/s\n      writekbps_metric:\n        name: writekbps\n        type: double\n        unit: KB/s\n    name: DiskStats\n    static: false\n  Disk_Probe:\n    active: true\n    metrics:\n      diskFree_metric:\n        name: diskFree\n        thresholds:\n          threshold_0:\n            operator: greater_than\n            value: 500\n        type: long\n        unit: MB\n      diskTotal_metric:\n        name: diskTotal\n        type: long\n        unit: MB\n    name: Disk\n    static: false\n  Memory_Probe:\n    active: true\n    metrics:\n      memCache_metric:\n        name: memCache\n        type: integer\n        unit: KB\n      memFree_metric:\n        name: memFree\n        type: integer\n        unit: KB\n      memSwapFree_metric:\n        name: memSwapFree\n        type: integer\n        unit: KB\n      memSwapTotal_metric:\n        name: memSwapTotal\n        type: integer\n        unit: KB\n      memTotal_metric:\n        name: memTotal\n        thresholds: null\n        type: integer\n        unit: KB\n      memUsedPercent_metric:\n        name: memUsedPercent\n        thresholds:\n          threshold_0:\n            operator: greater_than\n            value: 80\n          threshold_1:\n            operator: less_than\n            value: 20\n        type: double\n        unit: \'%\'\n      memUsed_metric:\n        name: memUsed\n        type: integer\n        unit: KB\n    name: Memory\n    static: false\n  Network_Probe:\n    active: true\n    metrics:\n      netBytesIN_metric:\n        name: netBytesIN\n        type: double\n        unit: bytes/s\n      netBytesOUT_metric:\n        name: netBytesOUT\n        type: double\n        unit: bytes/s\n      netPacketsIN_metric:\n        name: netPacketsIN\n        type: double\n        unit: bytes/s\n      netPacketsOUT_metric:\n        name: netPacketsOUT\n        type: double\n        unit: bytes/s\n    name: Network\n    static: false\n  StaticInfo_Probe:\n    active: true\n    metrics:\n      arch_metric:\n        name: arch\n        type: string\n        btime_metric:\n        name: btime\n        type: string\n      cpuNum_metric:\n        name: cpuNum\n        type: string\n      os_metric:\n        name: os\n        type: string\n    name: StaticInfo\n    static: true\n  AppLevel_Probe:\n    active: true\n    metrics:\n      output_frame_rate_metric:\n        name: output_frame_rate\n        thresholds:\n          threshold_0:\n            operator: less_than\n            value: 24\n        type: integer\n        unit: frames/s\n    name: AppLevel\n    path: \'/probes/app_level.jar\'\n    static: false','','2017-03-07 17:51:26.809212','2017-06-23 15:47:18.982000',965,122,127,5),(182,'171782408afa4fc985563e290d58c07a','qos_constraint','single','QoS:\n  response_time: 50','','2017-03-09 15:52:22.484655','2017-03-09 15:52:22.484714',734,63,135,6),(183,'e90863fb45dd49aeb6db2b6297d64043','hw_requirement','single','host:\n  cpu_frequency: 1.5\n  disk_size: 80\n  mem_size: 16\n  num_cpus: 2\nos:\n  architecture: x86_64\n  distribution: ubuntu\n  os_version: 16.04\n  type: linux','','2017-03-09 15:52:22.549449','2017-03-09 15:52:22.549510',585,309,135,8),(184,'a342c1c92be84471bf91088c246ece6b','monitoring_agent','single','agent_id: null\nprobes:\n  CPU_Probe:\n    active: true\n    metrics:\n      cpuIOwait_metric:\n        name: cpuIOwait\n        type: double\n        unit: \'%\'\n      cpuIdle_metric:\n        name: cpuIdle\n        type: double\n        unit: \'%\'\n      cpuSystem_metric:\n        name: cpuSystem\n        type: double\n        unit: \'%\'\n      cpuTotal_metric:\n        name: cpuTotal\n        thresholds:\n          threshold_0:\n            operator: greater_than\n            value: 80\n          threshold_1:\n            operator: less_than\n            value: 20\n        type: double\n        unit: \'%\'\n      cpuUser_metric:\n        name: cpuUser\n        type: double\n        unit: \'%\'\n    name: CPU\n    static: false\n  DiskStats_Probe:\n    active: true\n    metrics:\n      iotime_metric:\n        name: iotime\n        thresholds:\n          threshold_0:\n            operator: greater_than\n            value: 60\n        type: double\n        unit: \'%\'\n      readkbps_metric:\n        name: readkbps\n        type: double\n        unit: KB/s\n      writekbps_metric:\n        name: writekbps\n        type: double\n        unit: KB/s\n    name: DiskStats\n    static: false\n  Disk_Probe:\n    active: true\n    metrics:\n      diskFree_metric:\n        name: diskFree\n        thresholds:\n          threshold_0:\n            operator: greater_than\n            value: 500\n        type: long\n        unit: MB\n      diskTotal_metric:\n        name: diskTotal\n        type: long\n        unit: MB\n    name: Disk\n    static: false\n  Memory_Probe:\n    active: true\n    metrics:\n      memCache_metric:\n        name: memCache\n        type: integer\n        unit: KB\n      memFree_metric:\n        name: memFree\n        type: integer\n        unit: KB\n      memSwapFree_metric:\n        name: memSwapFree\n        type: integer\n        unit: KB\n      memSwapTotal_metric:\n        name: memSwapTotal\n        type: integer\n        unit: KB\n      memTotal_metric:\n        name: memTotal\n        thresholds: null\n        type: integer\n        unit: KB\n      memUsedPercent_metric:\n        name: memUsedPercent\n        thresholds:\n          threshold_0:\n            operator: greater_than\n            value: 80\n          threshold_1:\n            operator: less_than\n            value: 20\n        type: double\n        unit: \'%\'\n      memUsed_metric:\n        name: memUsed\n        type: integer\n        unit: KB\n    name: Memory\n    static: false\n  Network_Probe:\n    active: true\n    metrics:\n      netBytesIN_metric:\n        name: netBytesIN\n        type: double\n        unit: bytes/s\n      netBytesOUT_metric:\n        name: netBytesOUT\n        type: double\n        unit: bytes/s\n      netPacketsIN_metric:\n        name: netPacketsIN\n        type: double\n        unit: bytes/s\n      netPacketsOUT_metric:\n        name: netPacketsOUT\n        type: double\n        unit: bytes/s\n    name: Network\n    static: false\n  StaticInfo_Probe:\n    active: true\n    metrics:\n      arch_metric:\n        name: arch\n        type: string\n        btime_metric:\n        name: btime\n        type: string\n      cpuNum_metric:\n        name: cpuNum\n        type: string\n      os_metric:\n        name: os\n        type: string\n    name: StaticInfo\n    static: true\n  AppLevel_Probe:\n    active: true\n    metrics:\n      output_frame_rate_metric:\n        name: output_frame_rate\n        thresholds:\n          threshold_0:\n            operator: less_than\n            value: 24\n        type: integer\n        unit: frames/s\n    name: AppLevel\n    path: \'/probes/app_level.jar\'\n    static: false','','2017-03-09 15:52:22.611028','2017-03-09 15:52:22.611087',460,71,135,5),(185,'49a1801e799d4e8e824692e60377665c','monitoring_server','single','ports_mapping:\n  port_mapping_0:\n    container_port: 8080\n    host_port: 8080\n  port_mapping_1:\n    container_port: 4242\n    host_port: 4242\n  port_mapping_2:\n    container_port: 4245\n    host_port: 4245\n  port_mapping_3:\n    container_port: 7199\n    host_port: 7199\n  port_mapping_4:\n    container_port: 7000\n    host_port: 7000\n  port_mapping_5:\n    container_port: 7001\n    host_port: 7001\n  port_mapping_6:\n    container_port: 9160\n    host_port: 9160\n  port_mapping_7:\n    container_port: 9042\n    host_port: 9042\n  port_mapping_8:\n    container_port: 8012\n    host_port: 8012\n  port_mapping_9:\n    container_port: 61621\n    host_port: 61621\n','monitoring_server_image:\n  file: salmant/salman_monitoring_server_container_image\n  repository: SWITCH_docker_hub\n  type: tosca.artifacts.Deployment.Image.Container.Docker\n','2017-03-09 15:52:26.157350','2017-03-09 15:52:26.157407',597,-87,135,70),(186,'979cfec19c884d0f95dce4e376e0b0c9','hw_requirement','single','host:\n  cpu_frequency: 1.2\n  disk_size: 20\n  mem_size: 4\n  num_cpus: 1\nos:\n  architecture: x86_64\n  distribution: ubuntu\n  os_version: 16.04\n  type: linux\n','','2017-03-09 15:52:26.301735','2017-03-09 15:52:26.301793',641,13,135,8),(187,'078d6df323d74cd7acad015c0571f9e5','qos_constraint','single','QoS:\n  response_time: 50','','2017-03-09 15:52:26.582027','2017-03-09 15:52:26.582085',645,-187,135,6),(426,'67ac48f8a64c49e0a479bebefc4cd024','InputDistributor','single','inPort: 2000\nmulticastAddrIP: 255.2.2.0\nmulticastAddrPort: 3000\nports_mapping:\n  port_mapping_0:\n    container_port: 2000\n    host_port: 2000\nvideoHeight: 100\nvideoWidth: 170\nwaitingTime: 5','inputdistributor_image:\n  file: mogswitch/InputDistributor:1.0\n  repository: SWITCH_docker_hub\n  type: tosca.artifacts.Deployment.Image.Container.Docker','2017-03-20 13:58:25.953573','2017-03-20 14:03:37.821928',676,439,172,172),(427,'04915e2ba57244dbbfb3a732be88dd87','hw_requirement','single','host:\n  cpu_frequency: 1.5\n  disk_size: 80\n  mem_size: 16\n  num_cpus: 2\nos:\n  architecture: x86_64\n  distribution: ubuntu\n  os_version: 16.04\n  type: linux','','2017-03-20 13:58:45.343973','2017-03-20 14:03:37.924429',726,535,172,8),(428,'3cd504e7ddcd492fac146c17580eb469','qos_constraint','single','QoS:\n  response_time: 50','','2017-03-20 13:58:47.527148','2017-03-20 14:03:37.972493',786,352,172,6),(429,'60b5bc7f5f3d49afb3ff89eff0d7b927','monitoring_agent','single','agent_id: null\nprobes:\n  CPU_Probe:\n    active: true\n    metrics:\n      cpuIOwait_metric:\n        name: cpuIOwait\n        type: double\n        unit: \'%\'\n      cpuIdle_metric:\n        name: cpuIdle\n        type: double\n        unit: \'%\'\n      cpuSystem_metric:\n        name: cpuSystem\n        type: double\n        unit: \'%\'\n      cpuTotal_metric:\n        name: cpuTotal\n        thresholds:\n          threshold_0:\n            operator: greater_than\n            value: 80\n          threshold_1:\n            operator: less_than\n            value: 20\n        type: double\n        unit: \'%\'\n      cpuUser_metric:\n        name: cpuUser\n        type: double\n        unit: \'%\'\n    name: CPU\n    static: false\n  DiskStats_Probe:\n    active: true\n    metrics:\n      iotime_metric:\n        name: iotime\n        thresholds:\n          threshold_0:\n            operator: greater_than\n            value: 60\n        type: double\n        unit: \'%\'\n      readkbps_metric:\n        name: readkbps\n        type: double\n        unit: KB/s\n      writekbps_metric:\n        name: writekbps\n        type: double\n        unit: KB/s\n    name: DiskStats\n    static: false\n  Disk_Probe:\n    active: true\n    metrics:\n      diskFree_metric:\n        name: diskFree\n        thresholds:\n          threshold_0:\n            operator: greater_than\n            value: 500\n        type: long\n        unit: MB\n      diskTotal_metric:\n        name: diskTotal\n        type: long\n        unit: MB\n    name: Disk\n    static: false\n  Memory_Probe:\n    active: true\n    metrics:\n      memCache_metric:\n        name: memCache\n        type: integer\n        unit: KB\n      memFree_metric:\n        name: memFree\n        type: integer\n        unit: KB\n      memSwapFree_metric:\n        name: memSwapFree\n        type: integer\n        unit: KB\n      memSwapTotal_metric:\n        name: memSwapTotal\n        type: integer\n        unit: KB\n      memTotal_metric:\n        name: memTotal\n        thresholds: null\n        type: integer\n        unit: KB\n      memUsedPercent_metric:\n        name: memUsedPercent\n        thresholds:\n          threshold_0:\n            operator: greater_than\n            value: 80\n          threshold_1:\n            operator: less_than\n            value: 20\n        type: double\n        unit: \'%\'\n      memUsed_metric:\n        name: memUsed\n        type: integer\n        unit: KB\n    name: Memory\n    static: false\n  Network_Probe:\n    active: true\n    metrics:\n      netBytesIN_metric:\n        name: netBytesIN\n        type: double\n        unit: bytes/s\n      netBytesOUT_metric:\n        name: netBytesOUT\n        type: double\n        unit: bytes/s\n      netPacketsIN_metric:\n        name: netPacketsIN\n        type: double\n        unit: bytes/s\n      netPacketsOUT_metric:\n        name: netPacketsOUT\n        type: double\n        unit: bytes/s\n    name: Network\n    static: false\n  StaticInfo_Probe:\n    active: true\n    metrics:\n      arch_metric:\n        name: arch\n        type: string\n        btime_metric:\n        name: btime\n        type: string\n      cpuNum_metric:\n        name: cpuNum\n        type: string\n      os_metric:\n        name: os\n        type: string\n    name: StaticInfo\n    static: true\n  AppLevel_Probe:\n    active: true\n    metrics:\n      output_frame_rate_metric:\n        name: output_frame_rate\n        thresholds:\n          threshold_0:\n            operator: less_than\n            value: 24\n        type: integer\n        unit: frames/s\n    name: AppLevel\n    path: \'/probes/app_level.jar\'\n    static: false','','2017-03-20 13:58:50.236591','2017-03-20 14:03:37.891610',659,352,172,5),(430,'c95a6334d3b94d00935be03a700f2f21','ProxyTranscoder','single','multicastAddrIP: 255.2.2.0\nmulticastAddrPort: 3000\nports_mapping:\n  port_mapping_0:\n    container_port: 8081\n    host_port: 80\nvideoHeight: 100\nvideoWidth: 170','proxytranscoder_image:\n  file: mogswitch/ProxyTranscoder:1.0\n  repository: SWITCH_docker_hub\n  type: tosca.artifacts.Deployment.Image.Container.Docker','2017-03-20 14:01:54.203466','2017-03-20 14:03:57.355421',797,426,173,173),(431,'6fe6418c53554f298c0bb62986d3e91b','hw_requirement','single','host:\n  cpu_frequency: 1.5\n  disk_size: 80\n  mem_size: 16\n  num_cpus: 2\nos:\n  architecture: x86_64\n  distribution: ubuntu\n  os_version: 16.04\n  type: linux','','2017-03-20 14:02:14.048826','2017-03-20 14:03:57.473364',845,531,173,8),(432,'f4c1f1ce632d46b19cca1a5933fa16a5','qos_constraint','single','QoS:\n  response_time: 50','','2017-03-20 14:02:15.804797','2017-03-20 14:03:57.450626',937,327,173,6),(433,'ad9725aef3ec4bb6880e0cf0d6c109bc','monitoring_agent','single','agent_id: null\nprobes:\n  CPU_Probe:\n    active: true\n    metrics:\n      cpuIOwait_metric:\n        name: cpuIOwait\n        type: double\n        unit: \'%\'\n      cpuIdle_metric:\n        name: cpuIdle\n        type: double\n        unit: \'%\'\n      cpuSystem_metric:\n        name: cpuSystem\n        type: double\n        unit: \'%\'\n      cpuTotal_metric:\n        name: cpuTotal\n        thresholds:\n          threshold_0:\n            operator: greater_than\n            value: 80\n          threshold_1:\n            operator: less_than\n            value: 20\n        type: double\n        unit: \'%\'\n      cpuUser_metric:\n        name: cpuUser\n        type: double\n        unit: \'%\'\n    name: CPU\n    static: false\n  DiskStats_Probe:\n    active: true\n    metrics:\n      iotime_metric:\n        name: iotime\n        thresholds:\n          threshold_0:\n            operator: greater_than\n            value: 60\n        type: double\n        unit: \'%\'\n      readkbps_metric:\n        name: readkbps\n        type: double\n        unit: KB/s\n      writekbps_metric:\n        name: writekbps\n        type: double\n        unit: KB/s\n    name: DiskStats\n    static: false\n  Disk_Probe:\n    active: true\n    metrics:\n      diskFree_metric:\n        name: diskFree\n        thresholds:\n          threshold_0:\n            operator: greater_than\n            value: 500\n        type: long\n        unit: MB\n      diskTotal_metric:\n        name: diskTotal\n        type: long\n        unit: MB\n    name: Disk\n    static: false\n  Memory_Probe:\n    active: true\n    metrics:\n      memCache_metric:\n        name: memCache\n        type: integer\n        unit: KB\n      memFree_metric:\n        name: memFree\n        type: integer\n        unit: KB\n      memSwapFree_metric:\n        name: memSwapFree\n        type: integer\n        unit: KB\n      memSwapTotal_metric:\n        name: memSwapTotal\n        type: integer\n        unit: KB\n      memTotal_metric:\n        name: memTotal\n        thresholds: null\n        type: integer\n        unit: KB\n      memUsedPercent_metric:\n        name: memUsedPercent\n        thresholds:\n          threshold_0:\n            operator: greater_than\n            value: 80\n          threshold_1:\n            operator: less_than\n            value: 20\n        type: double\n        unit: \'%\'\n      memUsed_metric:\n        name: memUsed\n        type: integer\n        unit: KB\n    name: Memory\n    static: false\n  Network_Probe:\n    active: true\n    metrics:\n      netBytesIN_metric:\n        name: netBytesIN\n        type: double\n        unit: bytes/s\n      netBytesOUT_metric:\n        name: netBytesOUT\n        type: double\n        unit: bytes/s\n      netPacketsIN_metric:\n        name: netPacketsIN\n        type: double\n        unit: bytes/s\n      netPacketsOUT_metric:\n        name: netPacketsOUT\n        type: double\n        unit: bytes/s\n    name: Network\n    static: false\n  StaticInfo_Probe:\n    active: true\n    metrics:\n      arch_metric:\n        name: arch\n        type: string\n        btime_metric:\n        name: btime\n        type: string\n      cpuNum_metric:\n        name: cpuNum\n        type: string\n      os_metric:\n        name: os\n        type: string\n    name: StaticInfo\n    static: true\n  AppLevel_Probe:\n    active: true\n    metrics:\n      input_frame_rate_metric:\n        name: input_frame_rate\n        thresholds:\n          threshold_0:\n            operator: less_than\n            value: 24\n        type: integer\n        unit: frames/s\n    name: AppLevel\n    path: \'/probes/app_level.jar\'\n    static: false','','2017-03-20 14:02:18.464373','2017-03-20 14:03:57.377376',776,328,173,5),(450,'4dad829f37fb45fc898289a62a41ecd1','InputDistributor','single','inPort: 2000\nmulticastAddrIP: 255.2.2.0\nmulticastAddrPort: 3000\nports_mapping:\n  port_mapping_0:\n    container_port: 2000\n    host_port: 2000\nvideoHeight: 100\nvideoWidth: 170\nwaitingTime: 10','inputdistributor_image:\n  file: mogswitch/InputDistributor:1.0\n  repository: SWITCH_docker_hub\n  type: tosca.artifacts.Deployment.Image.Container.Docker','2017-03-20 14:09:18.427438','2017-03-20 16:16:54.769704',418,508,175,172),(452,'827c982cc25646878e052ef1870f06c8','qos_constraint','single','QoS:\n  response_time: 50','','2017-03-20 14:09:18.755966','2017-03-20 16:16:54.798908',528,421,175,6),(453,'c3a5240b4110409b94fa40891af657a8','monitoring_agent','single','agent_id: null\nprobes:\n  CPU_Probe:\n    active: true\n    metrics:\n      cpuIOwait_metric:\n        name: cpuIOwait\n        type: double\n        unit: \'%\'\n      cpuIdle_metric:\n        name: cpuIdle\n        type: double\n        unit: \'%\'\n      cpuSystem_metric:\n        name: cpuSystem\n        type: double\n        unit: \'%\'\n      cpuTotal_metric:\n        name: cpuTotal\n        thresholds:\n          threshold_0:\n            operator: greater_than\n            value: 80\n          threshold_1:\n            operator: less_than\n            value: 20\n        type: double\n        unit: \'%\'\n      cpuUser_metric:\n        name: cpuUser\n        type: double\n        unit: \'%\'\n    name: CPU\n    static: false\n  DiskStats_Probe:\n    active: true\n    metrics:\n      iotime_metric:\n        name: iotime\n        thresholds:\n          threshold_0:\n            operator: greater_than\n            value: 60\n        type: double\n        unit: \'%\'\n      readkbps_metric:\n        name: readkbps\n        type: double\n        unit: KB/s\n      writekbps_metric:\n        name: writekbps\n        type: double\n        unit: KB/s\n    name: DiskStats\n    static: false\n  Disk_Probe:\n    active: true\n    metrics:\n      diskFree_metric:\n        name: diskFree\n        thresholds:\n          threshold_0:\n            operator: greater_than\n            value: 500\n        type: long\n        unit: MB\n      diskTotal_metric:\n        name: diskTotal\n        type: long\n        unit: MB\n    name: Disk\n    static: false\n  Memory_Probe:\n    active: true\n    metrics:\n      memCache_metric:\n        name: memCache\n        type: integer\n        unit: KB\n      memFree_metric:\n        name: memFree\n        type: integer\n        unit: KB\n      memSwapFree_metric:\n        name: memSwapFree\n        type: integer\n        unit: KB\n      memSwapTotal_metric:\n        name: memSwapTotal\n        type: integer\n        unit: KB\n      memTotal_metric:\n        name: memTotal\n        thresholds: null\n        type: integer\n        unit: KB\n      memUsedPercent_metric:\n        name: memUsedPercent\n        thresholds:\n          threshold_0:\n            operator: greater_than\n            value: 80\n          threshold_1:\n            operator: less_than\n            value: 20\n        type: double\n        unit: \'%\'\n      memUsed_metric:\n        name: memUsed\n        type: integer\n        unit: KB\n    name: Memory\n    static: false\n  Network_Probe:\n    active: true\n    metrics:\n      netBytesIN_metric:\n        name: netBytesIN\n        type: double\n        unit: bytes/s\n      netBytesOUT_metric:\n        name: netBytesOUT\n        type: double\n        unit: bytes/s\n      netPacketsIN_metric:\n        name: netPacketsIN\n        type: double\n        unit: bytes/s\n      netPacketsOUT_metric:\n        name: netPacketsOUT\n        type: double\n        unit: bytes/s\n    name: Network\n    static: false\n  StaticInfo_Probe:\n    active: true\n    metrics:\n      arch_metric:\n        name: arch\n        type: string\n        btime_metric:\n        name: btime\n        type: string\n      cpuNum_metric:\n        name: cpuNum\n        type: string\n      os_metric:\n        name: os\n        type: string\n    name: StaticInfo\n    static: true\n  AppLevel_Probe:\n    active: true\n    metrics:\n      output_frame_rate_metric:\n        name: output_frame_rate\n        thresholds:\n          threshold_0:\n            operator: less_than\n            value: 24\n        type: integer\n        unit: frames/s\n    name: AppLevel\n    path: \'/probes/app_level.jar\'\n    static: false','','2017-03-20 14:09:18.813966','2017-03-20 16:16:54.830452',401,421,175,5),(454,'c9a5ba405de940c9a7bfe60be0fb9c24','ProxyTranscoder','single','multicastAddrIP: 255.2.2.0\nmulticastAddrPort: 3000\nports_mapping:\n  port_mapping_0:\n    container_port: 8081\n    host_port: 80\nvideoHeight: 100\nvideoWidth: 170','proxytranscoder_image:\n  file: mogswitch/ProxyTranscoder:1.0\n  repository: SWITCH_docker_hub\n  type: tosca.artifacts.Deployment.Image.Container.Docker','2017-03-20 14:09:22.050301','2017-03-20 16:16:54.859594',952,504,175,173),(456,'c2a81aece43b48cb8c414faa521c65b9','qos_constraint','single','QoS:\n  response_time: 50','','2017-03-20 14:09:22.194796','2017-03-20 16:16:54.870919',1092,405,175,6),(457,'e1b011e2d07c4391ade7609533ae253d','monitoring_agent','single','agent_id: null\nprobes:\n  CPU_Probe:\n    active: true\n    metrics:\n      cpuIOwait_metric:\n        name: cpuIOwait\n        type: double\n        unit: \'%\'\n      cpuIdle_metric:\n        name: cpuIdle\n        type: double\n        unit: \'%\'\n      cpuSystem_metric:\n        name: cpuSystem\n        type: double\n        unit: \'%\'\n      cpuTotal_metric:\n        name: cpuTotal\n        thresholds:\n          threshold_0:\n            operator: greater_than\n            value: 80\n          threshold_1:\n            operator: less_than\n            value: 20\n        type: double\n        unit: \'%\'\n      cpuUser_metric:\n        name: cpuUser\n        type: double\n        unit: \'%\'\n    name: CPU\n    static: false\n  DiskStats_Probe:\n    active: true\n    metrics:\n      iotime_metric:\n        name: iotime\n        thresholds:\n          threshold_0:\n            operator: greater_than\n            value: 60\n        type: double\n        unit: \'%\'\n      readkbps_metric:\n        name: readkbps\n        type: double\n        unit: KB/s\n      writekbps_metric:\n        name: writekbps\n        type: double\n        unit: KB/s\n    name: DiskStats\n    static: false\n  Disk_Probe:\n    active: true\n    metrics:\n      diskFree_metric:\n        name: diskFree\n        thresholds:\n          threshold_0:\n            operator: greater_than\n            value: 500\n        type: long\n        unit: MB\n      diskTotal_metric:\n        name: diskTotal\n        type: long\n        unit: MB\n    name: Disk\n    static: false\n  Memory_Probe:\n    active: true\n    metrics:\n      memCache_metric:\n        name: memCache\n        type: integer\n        unit: KB\n      memFree_metric:\n        name: memFree\n        type: integer\n        unit: KB\n      memSwapFree_metric:\n        name: memSwapFree\n        type: integer\n        unit: KB\n      memSwapTotal_metric:\n        name: memSwapTotal\n        type: integer\n        unit: KB\n      memTotal_metric:\n        name: memTotal\n        thresholds: null\n        type: integer\n        unit: KB\n      memUsedPercent_metric:\n        name: memUsedPercent\n        thresholds:\n          threshold_0:\n            operator: greater_than\n            value: 80\n          threshold_1:\n            operator: less_than\n            value: 20\n        type: double\n        unit: \'%\'\n      memUsed_metric:\n        name: memUsed\n        type: integer\n        unit: KB\n    name: Memory\n    static: false\n  Network_Probe:\n    active: true\n    metrics:\n      netBytesIN_metric:\n        name: netBytesIN\n        type: double\n        unit: bytes/s\n      netBytesOUT_metric:\n        name: netBytesOUT\n        type: double\n        unit: bytes/s\n      netPacketsIN_metric:\n        name: netPacketsIN\n        type: double\n        unit: bytes/s\n      netPacketsOUT_metric:\n        name: netPacketsOUT\n        type: double\n        unit: bytes/s\n    name: Network\n    static: false\n  StaticInfo_Probe:\n    active: true\n    metrics:\n      arch_metric:\n        name: arch\n        type: string\n        btime_metric:\n        name: btime\n        type: string\n      cpuNum_metric:\n        name: cpuNum\n        type: string\n      os_metric:\n        name: os\n        type: string\n    name: StaticInfo\n    static: true\n  AppLevel_Probe:\n    active: true\n    metrics:\n      input_frame_rate_metric:\n        name: input_frame_rate\n        thresholds:\n          threshold_0:\n            operator: less_than\n            value: 24\n        type: integer\n        unit: frames/s\n    name: AppLevel\n    path: \'/probes/app_level.jar\'\n    static: false','','2017-03-20 14:09:22.246196','2017-03-20 16:16:55.232980',982,399,175,5),(458,'2f310e8e6d334f7695c25d8dcf522ca2','connection','single','bandwidth: 1000000\nlatency: 500\nnetmask: 255.255.255.0\nsource_address: 192.168.10.11\ntarget_address: 192.168.10.12\nQoS:\n  response_time: 50','','2017-03-20 14:09:46.611974','2017-03-20 16:16:54.919348',0,0,175,45),(459,'59ea398e43bc4ff1adc2c5cb06f35455','monitoring_server','single','ports_mapping:\n  port_mapping_0:\n    container_port: 8080\n    host_port: 8080\n  port_mapping_1:\n    container_port: 4242\n    host_port: 4242\n  port_mapping_2:\n    container_port: 4245\n    host_port: 4245\n  port_mapping_3:\n    container_port: 7199\n    host_port: 7199\n  port_mapping_4:\n    container_port: 7000\n    host_port: 7000\n  port_mapping_5:\n    container_port: 7001\n    host_port: 7001\n  port_mapping_6:\n    container_port: 9160\n    host_port: 9160\n  port_mapping_7:\n    container_port: 9042\n    host_port: 9042\n  port_mapping_8:\n    container_port: 8012\n    host_port: 8012\n  port_mapping_9:\n    container_port: 61621\n    host_port: 61621\n','monitoring_server_image:\n  file: salmant/salman_monitoring_server_container_image\n  repository: SWITCH_docker_hub\n  type: tosca.artifacts.Deployment.Image.Container.Docker\n','2017-03-20 14:10:12.403430','2017-03-20 16:16:54.975828',746,255,175,70),(461,'d29744dc6ea145108f6bde8da4b80696','qos_constraint','single','QoS:\n  response_time: 50','','2017-03-20 14:10:12.546862','2017-03-20 16:16:55.027928',794,155,175,6),(462,'14e6cddc70f84857a0502f0fad169411','VM_InputDistributor (52.23.230.6)','single','OStype: Ubuntu 16.04\ndockers: mogswitch/InputDistributor\ndomain: ec2.us-east-1.amazonaws.com\nethernet_port:\n  - address: 192.168.10.10\n    name: p1\n    subnet_name: s1\ninstallation: null\ninstanceId: i-06a8ab17e89c4d9b4\nname: 14e6cddc-70f8-4857-a050-2f0fad169411\nnodetype: t2.medium\npublic_address: 52.23.230.6\nrole: master\nscript: /root/SWITCH/users/demoUser/files/1490019343147/GUI_script.sh\nsubnet_name: 0bbaa563-22cc-4a47-931e-df3c8b375850\n','','2017-03-20 14:10:13.808842','2017-03-20 16:16:55.041351',468,604,175,30),(463,'d75e9c74f9604ff980007fb230dfe385','VM_monitoring_server (54.175.201.199)','single','OStype: Ubuntu 16.04\ndockers: salmant/salman_monitoring_server_container_image\ndomain: ec2.us-east-1.amazonaws.com\nethernet_port:\n  - address: 192.168.10.11\n    name: p1\n    subnet_name: s1\ninstallation: null\ninstanceId: i-0ec27f84ebd96457f\nname: d75e9c74-f960-4ff9-8000-7fb230dfe385\nnodetype: t2.medium\npublic_address: 54.175.201.199\nrole: slave\nscript: /root/SWITCH/users/demoUser/files/1490019343147/GUI_script.sh\nsubnet_name: 0bbaa563-22cc-4a47-931e-df3c8b375850\n','','2017-03-20 14:10:13.998868','2017-03-20 16:16:55.110548',790,355,175,30),(464,'9c9621dc78d54759a44483a3085bec28','VM_ProxyTranscoder (34.205.172.238)','single','OStype: Ubuntu 16.04\ndockers: mogswitch/ProxyTranscoder\ndomain: ec2.us-east-1.amazonaws.com\nethernet_port:\n  - address: 192.168.10.12\n    name: p1\n    subnet_name: s1\ninstallation: null\ninstanceId: i-0f7d5771ebbfc241c\nname: 9c9621dc-78d5-4759-a444-83a3085bec28\nnodetype: t2.medium\npublic_address: 34.205.172.238\nrole: slave\nscript: /root/SWITCH/users/demoUser/files/1490019343147/GUI_script.sh\nsubnet_name: 0bbaa563-22cc-4a47-931e-df3c8b375850\n','','2017-03-20 14:10:14.226874','2017-03-20 16:16:55.122327',1000,608,175,30),(465,'0bbaa56322cc4a47931edf3c8b375850','subnet_s1','single','name: s1\nnetmask: 255.255.255.0\nsubnet: 192.168.10.0\n','','2017-03-20 14:10:14.444459','2017-03-20 16:16:55.135310',746,689,175,31),(474,'2d704cef172a4fe98d95ea56f9d5c78c','InputDistributor','single','inPort: 2000\nmulticastAddrIP: 255.2.2.0\nmulticastAddrPort: 3000\nports_mapping:\n  port_mapping_0:\n    container_port: 2000\n    host_port: 2000\nvideoHeight: 100\nvideoWidth: 170\nwaitingTime: 10','inputdistributor_image:\n  file: mogswitch/InputDistributor:1.0\n  repository: SWITCH_docker_hub\n  type: tosca.artifacts.Deployment.Image.Container.Docker','2017-03-20 16:17:00.762671','2017-03-20 16:17:01.393934',418,508,177,172),(475,'832a21bf8d0d46c6910807e65ea57fb0','ProxyTranscoder','single','multicastAddrIP: 255.2.2.0\nmulticastAddrPort: 3000\nports_mapping:\n  port_mapping_0:\n    container_port: 8081\n    host_port: 80\nvideoHeight: 100\nvideoWidth: 170','proxytranscoder_image:\n  file: mogswitch/ProxyTranscoder:1.0\n  repository: SWITCH_docker_hub\n  type: tosca.artifacts.Deployment.Image.Container.Docker','2017-03-20 16:17:00.975616','2017-03-20 16:17:01.506621',952,504,177,173),(476,'16cebd4cc4ee4d29982d08cbefc2bf80','connection','single','bandwidth: 1000000\nlatency: 500\nnetmask: 255.255.255.0\nsource_address: 192.168.10.11\ntarget_address: 192.168.10.12\nQoS:\n  response_time: 50','','2017-03-20 16:17:01.050128','2017-03-20 16:17:01.348927',0,0,177,45),(477,'75e16b1027934d82858f2c3cd8ccba9d','monitoring_server','single','ports_mapping:\n  port_mapping_0:\n    container_port: 8080\n    host_port: 8080\n  port_mapping_1:\n    container_port: 4242\n    host_port: 4242\n  port_mapping_2:\n    container_port: 4245\n    host_port: 4245\n  port_mapping_3:\n    container_port: 7199\n    host_port: 7199\n  port_mapping_4:\n    container_port: 7000\n    host_port: 7000\n  port_mapping_5:\n    container_port: 7001\n    host_port: 7001\n  port_mapping_6:\n    container_port: 9160\n    host_port: 9160\n  port_mapping_7:\n    container_port: 9042\n    host_port: 9042\n  port_mapping_8:\n    container_port: 8012\n    host_port: 8012\n  port_mapping_9:\n    container_port: 61621\n    host_port: 61621\n','monitoring_server_image:\n  file: salmant/salman_monitoring_server_container_image\n  repository: SWITCH_docker_hub\n  type: tosca.artifacts.Deployment.Image.Container.Docker\n','2017-03-20 16:17:01.075446','2017-03-20 16:17:01.464412',746,255,177,70),(478,'9e9010ffd8db4dc39e14d3952e41efc6','VM_InputDistributor (52.23.230.6)','single','OStype: Ubuntu 16.04\ndockers: mogswitch/InputDistributor\ndomain: ec2.us-east-1.amazonaws.com\nethernet_port:\n  - address: 192.168.10.10\n    name: p1\n    subnet_name: s1\ninstallation: null\ninstanceId: i-06a8ab17e89c4d9b4\nname: 14e6cddc-70f8-4857-a050-2f0fad169411\nnodetype: t2.medium\npublic_address: 52.23.230.6\nrole: master\nscript: /root/SWITCH/users/demoUser/files/1490019343147/GUI_script.sh\nsubnet_name: 0bbaa563-22cc-4a47-931e-df3c8b375850\n','','2017-03-20 16:17:01.181540','2017-03-20 16:17:01.181597',0,0,177,35),(479,'54d8a4d16d0f46688fa14b57f8eaf912','VM_monitoring_server (54.175.201.199)','single','OStype: Ubuntu 16.04\ndockers: salmant/salman_monitoring_server_container_image\ndomain: ec2.us-east-1.amazonaws.com\nethernet_port:\n  - address: 192.168.10.11\n    name: p1\n    subnet_name: s1\ninstallation: null\ninstanceId: i-0ec27f84ebd96457f\nname: d75e9c74-f960-4ff9-8000-7fb230dfe385\nnodetype: t2.medium\npublic_address: 54.175.201.199\nrole: slave\nscript: /root/SWITCH/users/demoUser/files/1490019343147/GUI_script.sh\nsubnet_name: 0bbaa563-22cc-4a47-931e-df3c8b375850\n','','2017-03-20 16:17:01.211387','2017-03-20 16:17:01.211442',0,0,177,35),(480,'42ee4f5d7ef242c1891c3489bcc879bf','VM_ProxyTranscoder (34.205.172.238)','single','OStype: Ubuntu 16.04\ndockers: mogswitch/ProxyTranscoder\ndomain: ec2.us-east-1.amazonaws.com\nethernet_port:\n  - address: 192.168.10.12\n    name: p1\n    subnet_name: s1\ninstallation: null\ninstanceId: i-0f7d5771ebbfc241c\nname: 9c9621dc-78d5-4759-a444-83a3085bec28\nnodetype: t2.medium\npublic_address: 34.205.172.238\nrole: slave\nscript: /root/SWITCH/users/demoUser/files/1490019343147/GUI_script.sh\nsubnet_name: 0bbaa563-22cc-4a47-931e-df3c8b375850\n','','2017-03-20 16:17:01.284607','2017-03-20 16:17:01.284667',0,0,177,35),(481,'585669faa08840a39a8983d020de6de6','subnet_s1','single','name: s1\nnetmask: 255.255.255.0\nsubnet: 192.168.10.0\n','','2017-03-20 16:17:01.319602','2017-03-20 16:17:01.319662',0,0,177,35),(491,'68c6f977ed764ed781334cc691e88026','WebServer','single','','jitsimeet_docker_image:\n  file: null\n  repository: SWITCH_docker_hub\n  type: tosca.artifacts.Deployment.Image.Container.Docker','2017-03-21 08:47:23.329653','2017-06-20 09:49:34.071230',623,125,144,178),(492,'7593f875a4824528a7335ebb7a8a2b8f','Jicofo','single','deploy: SET_ITS_VALUE\nips: SET_ITS_VALUE\nports_mapping:\n  port_mapping_0:\n    container_port: SET_ITS_VALUE\n    host_port: SET_ITS_VALUE\n  port_mapping_1:\n    container_port: SET_ITS_VALUE\n    host_port: SET_ITS_VALUE\n  port_mapping_2:\n    container_port: SET_ITS_VALUE\n    host_port: SET_ITS_VALUE','jitsimeet_docker_image:\n  file: null\n  repository: SWITCH_docker_hub\n  type: tosca.artifacts.Deployment.Image.Container.Docker','2017-03-21 08:47:25.536726','2017-06-20 09:49:18.795362',978,125,144,178),(493,'469380bc5d02403d9ba68bf62cdf22e1','Prosody','single','deploy: SET_ITS_VALUE\nips: SET_ITS_VALUE\nports_mapping:\n  port_mapping_0:\n    container_port: SET_ITS_VALUE\n    host_port: SET_ITS_VALUE\n  port_mapping_1:\n    container_port: SET_ITS_VALUE\n    host_port: SET_ITS_VALUE\n  port_mapping_2:\n    container_port: SET_ITS_VALUE\n    host_port: SET_ITS_VALUE','jitsimeet_docker_image:\n  file: null\n  repository: SWITCH_docker_hub\n  type: tosca.artifacts.Deployment.Image.Container.Docker','2017-03-21 08:47:27.818435','2017-06-20 09:49:18.826604',579,343,144,178),(494,'f28d4752a0cb4f7eb751b73b6dcf3ff0','Videobridge','single','deploy: SET_ITS_VALUE\nips: SET_ITS_VALUE\nports_mapping:\n  port_mapping_0:\n    container_port: SET_ITS_VALUE\n    host_port: SET_ITS_VALUE\n  port_mapping_1:\n    container_port: SET_ITS_VALUE\n    host_port: SET_ITS_VALUE\n  port_mapping_2:\n    container_port: SET_ITS_VALUE\n    host_port: SET_ITS_VALUE','jitsimeet_docker_image:\n  file: null\n  repository: SWITCH_docker_hub\n  type: tosca.artifacts.Deployment.Image.Container.Docker','2017-03-21 08:47:29.756349','2017-06-20 09:49:18.864749',989,350,144,178),(495,'548b989efc5047eaaa554bfa9b65cd4a','monitoring_agent','single','agent_id: null\nprobes:\n  CPU_Probe:\n    active: true\n    metrics:\n      cpuIOwait_metric:\n        name: cpuIOwait\n        type: double\n        unit: \'%\'\n      cpuIdle_metric:\n        name: cpuIdle\n        type: double\n        unit: \'%\'\n      cpuSystem_metric:\n        name: cpuSystem\n        type: double\n        unit: \'%\'\n      cpuTotal_metric:\n        name: cpuTotal\n        thresholds:\n          threshold_0:\n            operator: greater_than\n            value: 80\n          threshold_1:\n            operator: less_than\n            value: 20\n        type: double\n        unit: \'%\'\n      cpuUser_metric:\n        name: cpuUser\n        type: double\n        unit: \'%\'\n    name: CPU\n    static: false\n  DiskStats_Probe:\n    active: true\n    metrics:\n      iotime_metric:\n        name: iotime\n        thresholds:\n          threshold_0:\n            operator: greater_than\n            value: 60\n        type: double\n        unit: \'%\'\n      readkbps_metric:\n        name: readkbps\n        type: double\n        unit: KB/s\n      writekbps_metric:\n        name: writekbps\n        type: double\n        unit: KB/s\n    name: DiskStats\n    static: false\n  Disk_Probe:\n    active: true\n    metrics:\n      diskFree_metric:\n        name: diskFree\n        thresholds:\n          threshold_0:\n            operator: greater_than\n            value: 500\n        type: long\n        unit: MB\n      diskTotal_metric:\n        name: diskTotal\n        type: long\n        unit: MB\n    name: Disk\n    static: false\n  Memory_Probe:\n    active: true\n    metrics:\n      memCache_metric:\n        name: memCache\n        type: integer\n        unit: KB\n      memFree_metric:\n        name: memFree\n        type: integer\n        unit: KB\n      memSwapFree_metric:\n        name: memSwapFree\n        type: integer\n        unit: KB\n      memSwapTotal_metric:\n        name: memSwapTotal\n        type: integer\n        unit: KB\n      memTotal_metric:\n        name: memTotal\n        thresholds: null\n        type: integer\n        unit: KB\n      memUsedPercent_metric:\n        name: memUsedPercent\n        thresholds:\n          threshold_0:\n            operator: greater_than\n            value: 80\n          threshold_1:\n            operator: less_than\n            value: 20\n        type: double\n        unit: \'%\'\n      memUsed_metric:\n        name: memUsed\n        type: integer\n        unit: KB\n    name: Memory\n    static: false\n  Network_Probe:\n    active: true\n    metrics:\n      netBytesIN_metric:\n        name: netBytesIN\n        type: double\n        unit: bytes/s\n      netBytesOUT_metric:\n        name: netBytesOUT\n        type: double\n        unit: bytes/s\n      netPacketsIN_metric:\n        name: netPacketsIN\n        type: double\n        unit: bytes/s\n      netPacketsOUT_metric:\n        name: netPacketsOUT\n        type: double\n        unit: bytes/s\n    name: Network\n    static: false\n  StaticInfo_Probe:\n    active: true\n    metrics:\n      arch_metric:\n        name: arch\n        type: string\n        btime_metric:\n        name: btime\n        type: string\n      cpuNum_metric:\n        name: cpuNum\n        type: string\n      os_metric:\n        name: os\n        type: string\n    name: StaticInfo\n    static: true','','2017-03-21 08:50:29.371065','2017-06-20 09:49:18.875339',672,165,144,5),(496,'79d3cd826b20460b8e4bdd5ff29967cb','monitoring_agent','single','agent_id: null\nprobes:\n  CPU_Probe:\n    active: true\n    metrics:\n      cpuIOwait_metric:\n        name: cpuIOwait\n        type: double\n        unit: \'%\'\n      cpuIdle_metric:\n        name: cpuIdle\n        type: double\n        unit: \'%\'\n      cpuSystem_metric:\n        name: cpuSystem\n        type: double\n        unit: \'%\'\n      cpuTotal_metric:\n        name: cpuTotal\n        thresholds:\n          threshold_0:\n            operator: greater_than\n            value: 80\n          threshold_1:\n            operator: less_than\n            value: 20\n        type: double\n        unit: \'%\'\n      cpuUser_metric:\n        name: cpuUser\n        type: double\n        unit: \'%\'\n    name: CPU\n    static: false\n  DiskStats_Probe:\n    active: true\n    metrics:\n      iotime_metric:\n        name: iotime\n        thresholds:\n          threshold_0:\n            operator: greater_than\n            value: 60\n        type: double\n        unit: \'%\'\n      readkbps_metric:\n        name: readkbps\n        type: double\n        unit: KB/s\n      writekbps_metric:\n        name: writekbps\n        type: double\n        unit: KB/s\n    name: DiskStats\n    static: false\n  Disk_Probe:\n    active: true\n    metrics:\n      diskFree_metric:\n        name: diskFree\n        thresholds:\n          threshold_0:\n            operator: greater_than\n            value: 500\n        type: long\n        unit: MB\n      diskTotal_metric:\n        name: diskTotal\n        type: long\n        unit: MB\n    name: Disk\n    static: false\n  Memory_Probe:\n    active: true\n    metrics:\n      memCache_metric:\n        name: memCache\n        type: integer\n        unit: KB\n      memFree_metric:\n        name: memFree\n        type: integer\n        unit: KB\n      memSwapFree_metric:\n        name: memSwapFree\n        type: integer\n        unit: KB\n      memSwapTotal_metric:\n        name: memSwapTotal\n        type: integer\n        unit: KB\n      memTotal_metric:\n        name: memTotal\n        thresholds: null\n        type: integer\n        unit: KB\n      memUsedPercent_metric:\n        name: memUsedPercent\n        thresholds:\n          threshold_0:\n            operator: greater_than\n            value: 80\n          threshold_1:\n            operator: less_than\n            value: 20\n        type: double\n        unit: \'%\'\n      memUsed_metric:\n        name: memUsed\n        type: integer\n        unit: KB\n    name: Memory\n    static: false\n  Network_Probe:\n    active: true\n    metrics:\n      netBytesIN_metric:\n        name: netBytesIN\n        type: double\n        unit: bytes/s\n      netBytesOUT_metric:\n        name: netBytesOUT\n        type: double\n        unit: bytes/s\n      netPacketsIN_metric:\n        name: netPacketsIN\n        type: double\n        unit: bytes/s\n      netPacketsOUT_metric:\n        name: netPacketsOUT\n        type: double\n        unit: bytes/s\n    name: Network\n    static: false\n  StaticInfo_Probe:\n    active: true\n    metrics:\n      arch_metric:\n        name: arch\n        type: string\n        btime_metric:\n        name: btime\n        type: string\n      cpuNum_metric:\n        name: cpuNum\n        type: string\n      os_metric:\n        name: os\n        type: string\n    name: StaticInfo\n    static: true','','2017-03-21 08:50:36.320485','2017-06-20 09:49:18.908124',684,375,144,5),(497,'1c8d5f2d0a2c40a2a62d24a8041ba587','monitoring_agent','single','agent_id: null\nprobes:\n  CPU_Probe:\n    active: true\n    metrics:\n      cpuIOwait_metric:\n        name: cpuIOwait\n        type: double\n        unit: \'%\'\n      cpuIdle_metric:\n        name: cpuIdle\n        type: double\n        unit: \'%\'\n      cpuSystem_metric:\n        name: cpuSystem\n        type: double\n        unit: \'%\'\n      cpuTotal_metric:\n        name: cpuTotal\n        thresholds:\n          threshold_0:\n            operator: greater_than\n            value: 80\n          threshold_1:\n            operator: less_than\n            value: 20\n        type: double\n        unit: \'%\'\n      cpuUser_metric:\n        name: cpuUser\n        type: double\n        unit: \'%\'\n    name: CPU\n    static: false\n  DiskStats_Probe:\n    active: true\n    metrics:\n      iotime_metric:\n        name: iotime\n        thresholds:\n          threshold_0:\n            operator: greater_than\n            value: 60\n        type: double\n        unit: \'%\'\n      readkbps_metric:\n        name: readkbps\n        type: double\n        unit: KB/s\n      writekbps_metric:\n        name: writekbps\n        type: double\n        unit: KB/s\n    name: DiskStats\n    static: false\n  Disk_Probe:\n    active: true\n    metrics:\n      diskFree_metric:\n        name: diskFree\n        thresholds:\n          threshold_0:\n            operator: greater_than\n            value: 500\n        type: long\n        unit: MB\n      diskTotal_metric:\n        name: diskTotal\n        type: long\n        unit: MB\n    name: Disk\n    static: false\n  Memory_Probe:\n    active: true\n    metrics:\n      memCache_metric:\n        name: memCache\n        type: integer\n        unit: KB\n      memFree_metric:\n        name: memFree\n        type: integer\n        unit: KB\n      memSwapFree_metric:\n        name: memSwapFree\n        type: integer\n        unit: KB\n      memSwapTotal_metric:\n        name: memSwapTotal\n        type: integer\n        unit: KB\n      memTotal_metric:\n        name: memTotal\n        thresholds: null\n        type: integer\n        unit: KB\n      memUsedPercent_metric:\n        name: memUsedPercent\n        thresholds:\n          threshold_0:\n            operator: greater_than\n            value: 80\n          threshold_1:\n            operator: less_than\n            value: 20\n        type: double\n        unit: \'%\'\n      memUsed_metric:\n        name: memUsed\n        type: integer\n        unit: KB\n    name: Memory\n    static: false\n  Network_Probe:\n    active: true\n    metrics:\n      netBytesIN_metric:\n        name: netBytesIN\n        type: double\n        unit: bytes/s\n      netBytesOUT_metric:\n        name: netBytesOUT\n        type: double\n        unit: bytes/s\n      netPacketsIN_metric:\n        name: netPacketsIN\n        type: double\n        unit: bytes/s\n      netPacketsOUT_metric:\n        name: netPacketsOUT\n        type: double\n        unit: bytes/s\n    name: Network\n    static: false\n  StaticInfo_Probe:\n    active: true\n    metrics:\n      arch_metric:\n        name: arch\n        type: string\n        btime_metric:\n        name: btime\n        type: string\n      cpuNum_metric:\n        name: cpuNum\n        type: string\n      os_metric:\n        name: os\n        type: string\n    name: StaticInfo\n    static: true','','2017-03-21 08:50:41.541798','2017-06-20 09:49:18.918713',1076,160,144,5),(498,'ca23853e780542c4b15edc2226f838e6','monitoring_agent','single','agent_id: null\nprobes:\n  CPU_Probe:\n    active: true\n    metrics:\n      cpuIOwait_metric:\n        name: cpuIOwait\n        type: double\n        unit: \'%\'\n      cpuIdle_metric:\n        name: cpuIdle\n        type: double\n        unit: \'%\'\n      cpuSystem_metric:\n        name: cpuSystem\n        type: double\n        unit: \'%\'\n      cpuTotal_metric:\n        name: cpuTotal\n        thresholds:\n          threshold_0:\n            operator: greater_than\n            value: 80\n          threshold_1:\n            operator: less_than\n            value: 20\n        type: double\n        unit: \'%\'\n      cpuUser_metric:\n        name: cpuUser\n        type: double\n        unit: \'%\'\n    name: CPU\n    static: false\n  DiskStats_Probe:\n    active: true\n    metrics:\n      iotime_metric:\n        name: iotime\n        thresholds:\n          threshold_0:\n            operator: greater_than\n            value: 60\n        type: double\n        unit: \'%\'\n      readkbps_metric:\n        name: readkbps\n        type: double\n        unit: KB/s\n      writekbps_metric:\n        name: writekbps\n        type: double\n        unit: KB/s\n    name: DiskStats\n    static: false\n  Disk_Probe:\n    active: true\n    metrics:\n      diskFree_metric:\n        name: diskFree\n        thresholds:\n          threshold_0:\n            operator: greater_than\n            value: 500\n        type: long\n        unit: MB\n      diskTotal_metric:\n        name: diskTotal\n        type: long\n        unit: MB\n    name: Disk\n    static: false\n  Memory_Probe:\n    active: true\n    metrics:\n      memCache_metric:\n        name: memCache\n        type: integer\n        unit: KB\n      memFree_metric:\n        name: memFree\n        type: integer\n        unit: KB\n      memSwapFree_metric:\n        name: memSwapFree\n        type: integer\n        unit: KB\n      memSwapTotal_metric:\n        name: memSwapTotal\n        type: integer\n        unit: KB\n      memTotal_metric:\n        name: memTotal\n        thresholds: null\n        type: integer\n        unit: KB\n      memUsedPercent_metric:\n        name: memUsedPercent\n        thresholds:\n          threshold_0:\n            operator: greater_than\n            value: 80\n          threshold_1:\n            operator: less_than\n            value: 20\n        type: double\n        unit: \'%\'\n      memUsed_metric:\n        name: memUsed\n        type: integer\n        unit: KB\n    name: Memory\n    static: false\n  Network_Probe:\n    active: true\n    metrics:\n      netBytesIN_metric:\n        name: netBytesIN\n        type: double\n        unit: bytes/s\n      netBytesOUT_metric:\n        name: netBytesOUT\n        type: double\n        unit: bytes/s\n      netPacketsIN_metric:\n        name: netPacketsIN\n        type: double\n        unit: bytes/s\n      netPacketsOUT_metric:\n        name: netPacketsOUT\n        type: double\n        unit: bytes/s\n    name: Network\n    static: false\n  StaticInfo_Probe:\n    active: true\n    metrics:\n      arch_metric:\n        name: arch\n        type: string\n        btime_metric:\n        name: btime\n        type: string\n      cpuNum_metric:\n        name: cpuNum\n        type: string\n      os_metric:\n        name: os\n        type: string\n    name: StaticInfo\n    static: true','','2017-03-21 08:50:46.376299','2017-06-20 09:49:18.930590',1092,389,144,5),(547,'00ffd16193844ce9bec0e804319f7238','WebServer','single','','jitsimeet_docker_image:\n  file: null\n  repository: SWITCH_docker_hub\n  type: tosca.artifacts.Deployment.Image.Container.Docker','2017-04-12 07:05:59.879811','2017-04-12 07:05:59.879854',577,129,192,178),(548,'15f01e7b8cc94e9795c5c3127283d468','Jicofo','single','deploy: SET_ITS_VALUE\nips: SET_ITS_VALUE\nports_mapping:\n  port_mapping_0:\n    container_port: SET_ITS_VALUE\n    host_port: SET_ITS_VALUE\n  port_mapping_1:\n    container_port: SET_ITS_VALUE\n    host_port: SET_ITS_VALUE\n  port_mapping_2:\n    container_port: SET_ITS_VALUE\n    host_port: SET_ITS_VALUE','jitsimeet_docker_image:\n  file: null\n  repository: SWITCH_docker_hub\n  type: tosca.artifacts.Deployment.Image.Container.Docker','2017-04-12 07:05:59.957107','2017-04-12 07:05:59.957161',978,125,192,178),(549,'34904e51f8244189b49f30153f3666f7','Prosody','single','deploy: SET_ITS_VALUE\nips: SET_ITS_VALUE\nports_mapping:\n  port_mapping_0:\n    container_port: SET_ITS_VALUE\n    host_port: SET_ITS_VALUE\n  port_mapping_1:\n    container_port: SET_ITS_VALUE\n    host_port: SET_ITS_VALUE\n  port_mapping_2:\n    container_port: SET_ITS_VALUE\n    host_port: SET_ITS_VALUE','jitsimeet_docker_image:\n  file: null\n  repository: SWITCH_docker_hub\n  type: tosca.artifacts.Deployment.Image.Container.Docker','2017-04-12 07:06:00.015020','2017-04-12 07:06:00.015075',579,343,192,178),(550,'06b4e9ed9a684c6aa413d6bd3011e2df','Videobridge','single','deploy: SET_ITS_VALUE\nips: SET_ITS_VALUE\nports_mapping:\n  port_mapping_0:\n    container_port: SET_ITS_VALUE\n    host_port: SET_ITS_VALUE\n  port_mapping_1:\n    container_port: SET_ITS_VALUE\n    host_port: SET_ITS_VALUE\n  port_mapping_2:\n    container_port: SET_ITS_VALUE\n    host_port: SET_ITS_VALUE','jitsimeet_docker_image:\n  file: null\n  repository: SWITCH_docker_hub\n  type: tosca.artifacts.Deployment.Image.Container.Docker','2017-04-12 07:06:00.058674','2017-04-12 07:06:00.058720',989,350,192,178),(551,'cd330a73706842b28e8332ac8758e676','WebServer','single','','jitsimeet_docker_image:\n  file: null\n  repository: SWITCH_docker_hub\n  type: tosca.artifacts.Deployment.Image.Container.Docker','2017-04-12 07:32:16.645811','2017-04-12 07:32:16.645874',577,129,193,178),(552,'c6a94923534141d7a05e3c6b801dc316','Jicofo','single','deploy: SET_ITS_VALUE\nips: SET_ITS_VALUE\nports_mapping:\n  port_mapping_0:\n    container_port: SET_ITS_VALUE\n    host_port: SET_ITS_VALUE\n  port_mapping_1:\n    container_port: SET_ITS_VALUE\n    host_port: SET_ITS_VALUE\n  port_mapping_2:\n    container_port: SET_ITS_VALUE\n    host_port: SET_ITS_VALUE','jitsimeet_docker_image:\n  file: null\n  repository: SWITCH_docker_hub\n  type: tosca.artifacts.Deployment.Image.Container.Docker','2017-04-12 07:32:16.770990','2017-04-12 07:32:16.771043',978,125,193,178),(553,'b978e28750474bb693194fc03534017f','Prosody','single','deploy: SET_ITS_VALUE\nips: SET_ITS_VALUE\nports_mapping:\n  port_mapping_0:\n    container_port: SET_ITS_VALUE\n    host_port: SET_ITS_VALUE\n  port_mapping_1:\n    container_port: SET_ITS_VALUE\n    host_port: SET_ITS_VALUE\n  port_mapping_2:\n    container_port: SET_ITS_VALUE\n    host_port: SET_ITS_VALUE','jitsimeet_docker_image:\n  file: null\n  repository: SWITCH_docker_hub\n  type: tosca.artifacts.Deployment.Image.Container.Docker','2017-04-12 07:32:16.840285','2017-04-12 07:32:16.840335',579,343,193,178),(554,'ed8287694a09463c9e00b9a54a5e9680','Videobridge','single','deploy: SET_ITS_VALUE\nips: SET_ITS_VALUE\nports_mapping:\n  port_mapping_0:\n    container_port: SET_ITS_VALUE\n    host_port: SET_ITS_VALUE\n  port_mapping_1:\n    container_port: SET_ITS_VALUE\n    host_port: SET_ITS_VALUE\n  port_mapping_2:\n    container_port: SET_ITS_VALUE\n    host_port: SET_ITS_VALUE','jitsimeet_docker_image:\n  file: null\n  repository: SWITCH_docker_hub\n  type: tosca.artifacts.Deployment.Image.Container.Docker','2017-04-12 07:32:16.913897','2017-04-12 07:32:16.913952',989,350,193,178),(555,'b03d1e7cd9dd4f1d841b3134f5906a75','monitoring_agent','single','agent_id: null\nprobes:\n  CPU_Probe:\n    active: true\n    metrics:\n      cpuIOwait_metric:\n        name: cpuIOwait\n        type: double\n        unit: \'%\'\n      cpuIdle_metric:\n        name: cpuIdle\n        type: double\n        unit: \'%\'\n      cpuSystem_metric:\n        name: cpuSystem\n        type: double\n        unit: \'%\'\n      cpuTotal_metric:\n        name: cpuTotal\n        thresholds:\n          threshold_0:\n            operator: greater_than\n            value: 80\n          threshold_1:\n            operator: less_than\n            value: 20\n        type: double\n        unit: \'%\'\n      cpuUser_metric:\n        name: cpuUser\n        type: double\n        unit: \'%\'\n    name: CPU\n    static: false\n  DiskStats_Probe:\n    active: true\n    metrics:\n      iotime_metric:\n        name: iotime\n        thresholds:\n          threshold_0:\n            operator: greater_than\n            value: 60\n        type: double\n        unit: \'%\'\n      readkbps_metric:\n        name: readkbps\n        type: double\n        unit: KB/s\n      writekbps_metric:\n        name: writekbps\n        type: double\n        unit: KB/s\n    name: DiskStats\n    static: false\n  Disk_Probe:\n    active: true\n    metrics:\n      diskFree_metric:\n        name: diskFree\n        thresholds:\n          threshold_0:\n            operator: greater_than\n            value: 500\n        type: long\n        unit: MB\n      diskTotal_metric:\n        name: diskTotal\n        type: long\n        unit: MB\n    name: Disk\n    static: false\n  Memory_Probe:\n    active: true\n    metrics:\n      memCache_metric:\n        name: memCache\n        type: integer\n        unit: KB\n      memFree_metric:\n        name: memFree\n        type: integer\n        unit: KB\n      memSwapFree_metric:\n        name: memSwapFree\n        type: integer\n        unit: KB\n      memSwapTotal_metric:\n        name: memSwapTotal\n        type: integer\n        unit: KB\n      memTotal_metric:\n        name: memTotal\n        thresholds: null\n        type: integer\n        unit: KB\n      memUsedPercent_metric:\n        name: memUsedPercent\n        thresholds:\n          threshold_0:\n            operator: greater_than\n            value: 80\n          threshold_1:\n            operator: less_than\n            value: 20\n        type: double\n        unit: \'%\'\n      memUsed_metric:\n        name: memUsed\n        type: integer\n        unit: KB\n    name: Memory\n    static: false\n  Network_Probe:\n    active: true\n    metrics:\n      netBytesIN_metric:\n        name: netBytesIN\n        type: double\n        unit: bytes/s\n      netBytesOUT_metric:\n        name: netBytesOUT\n        type: double\n        unit: bytes/s\n      netPacketsIN_metric:\n        name: netPacketsIN\n        type: double\n        unit: bytes/s\n      netPacketsOUT_metric:\n        name: netPacketsOUT\n        type: double\n        unit: bytes/s\n    name: Network\n    static: false\n  StaticInfo_Probe:\n    active: true\n    metrics:\n      arch_metric:\n        name: arch\n        type: string\n        btime_metric:\n        name: btime\n        type: string\n      cpuNum_metric:\n        name: cpuNum\n        type: string\n      os_metric:\n        name: os\n        type: string\n    name: StaticInfo\n    static: true','','2017-04-26 14:05:02.502922','2017-06-20 09:49:18.989399',428,209,144,5),(563,'56b80e98db14425db72f86c02d2b6acc','hw_requirement','single','host:\n  cpu_frequency: 1.5\n  disk_size: 80\n  mem_size: 16\n  num_cpus: 2\nos:\n  architecture: x86_64\n  distribution: ubuntu\n  os_version: 16.04\n  type: linux','','2017-04-26 14:17:00.034099','2017-07-14 15:52:20.155997',1880,1519,178,8),(577,'6341882cfffb4a559e91078e73ca6a64','InputDistributor','single','inPort: 2000\nmulticastAddrIP: 255.2.2.0\nmulticastAddrPort: 3000\nports_mapping:\n  port_mapping_0:\n    container_port: 2000\n    host_port: 2000\nvideoHeight: 100\nvideoWidth: 170\nwaitingTime: 5','inputdistributor_image:\n  file: mogswitch/InputDistributor:1.0\n  repository: SWITCH_docker_hub\n  type: tosca.artifacts.Deployment.Image.Container.Docker','2017-04-26 14:19:28.601700','2017-07-14 15:52:20.166398',116,146,178,172),(578,'e3c115af71844813bc72a3cdc0ecaa50','hw_requirement','single','host:\n  cpu_frequency: 1.5\n  disk_size: 80\n  mem_size: 16\n  num_cpus: 2\nos:\n  architecture: x86_64\n  distribution: ubuntu\n  os_version: 16.04\n  type: linux','','2017-04-26 14:19:28.781283','2017-07-14 15:52:20.175900',166,242,178,8),(579,'a4f738e98dba4de5a336c8a927ddf68f','qos_constraint','single','QoS:\n  response_time: 50','','2017-04-26 14:19:28.870994','2017-07-14 15:52:20.184642',226,59,178,6),(580,'06034f68ed384c0185a2d350a547411a','monitoring_agent','single','agent_id: null\nprobes:\n  CPU_Probe:\n    active: true\n    metrics:\n      cpuIOwait_metric:\n        name: cpuIOwait\n        type: double\n        unit: \'%\'\n      cpuIdle_metric:\n        name: cpuIdle\n        type: double\n        unit: \'%\'\n      cpuSystem_metric:\n        name: cpuSystem\n        type: double\n        unit: \'%\'\n      cpuTotal_metric:\n        name: cpuTotal\n        thresholds:\n          threshold_0:\n            operator: greater_than\n            value: 80\n          threshold_1:\n            operator: less_than\n            value: 20\n        type: double\n        unit: \'%\'\n      cpuUser_metric:\n        name: cpuUser\n        type: double\n        unit: \'%\'\n    name: CPU\n    static: false\n  DiskStats_Probe:\n    active: true\n    metrics:\n      iotime_metric:\n        name: iotime\n        thresholds:\n          threshold_0:\n            operator: greater_than\n            value: 60\n        type: double\n        unit: \'%\'\n      readkbps_metric:\n        name: readkbps\n        type: double\n        unit: KB/s\n      writekbps_metric:\n        name: writekbps\n        type: double\n        unit: KB/s\n    name: DiskStats\n    static: false\n  Disk_Probe:\n    active: true\n    metrics:\n      diskFree_metric:\n        name: diskFree\n        thresholds:\n          threshold_0:\n            operator: greater_than\n            value: 500\n        type: long\n        unit: MB\n      diskTotal_metric:\n        name: diskTotal\n        type: long\n        unit: MB\n    name: Disk\n    static: false\n  Memory_Probe:\n    active: true\n    metrics:\n      memCache_metric:\n        name: memCache\n        type: integer\n        unit: KB\n      memFree_metric:\n        name: memFree\n        type: integer\n        unit: KB\n      memSwapFree_metric:\n        name: memSwapFree\n        type: integer\n        unit: KB\n      memSwapTotal_metric:\n        name: memSwapTotal\n        type: integer\n        unit: KB\n      memTotal_metric:\n        name: memTotal\n        thresholds: null\n        type: integer\n        unit: KB\n      memUsedPercent_metric:\n        name: memUsedPercent\n        thresholds:\n          threshold_0:\n            operator: greater_than\n            value: 80\n          threshold_1:\n            operator: less_than\n            value: 20\n        type: double\n        unit: \'%\'\n      memUsed_metric:\n        name: memUsed\n        type: integer\n        unit: KB\n    name: Memory\n    static: false\n  Network_Probe:\n    active: true\n    metrics:\n      netBytesIN_metric:\n        name: netBytesIN\n        type: double\n        unit: bytes/s\n      netBytesOUT_metric:\n        name: netBytesOUT\n        type: double\n        unit: bytes/s\n      netPacketsIN_metric:\n        name: netPacketsIN\n        type: double\n        unit: bytes/s\n      netPacketsOUT_metric:\n        name: netPacketsOUT\n        type: double\n        unit: bytes/s\n    name: Network\n    static: false\n  StaticInfo_Probe:\n    active: true\n    metrics:\n      arch_metric:\n        name: arch\n        type: string\n        btime_metric:\n        name: btime\n        type: string\n      cpuNum_metric:\n        name: cpuNum\n        type: string\n      os_metric:\n        name: os\n        type: string\n    name: StaticInfo\n    static: true\n  AppLevel_Probe:\n    active: true\n    metrics:\n      output_frame_rate_metric:\n        name: output_frame_rate\n        thresholds:\n          threshold_0:\n            operator: less_than\n            value: 24\n        type: integer\n        unit: frames/s\n    name: AppLevel\n    path: \'/probes/app_level.jar\'\n    static: false','','2017-04-26 14:19:28.899585','2017-07-14 15:52:20.194959',99,59,178,5),(581,'6231e90033124a83a7bcd8d9b388c2e4','ProxyTranscoder','single','multicastAddrIP: 255.2.2.0\nmulticastAddrPort: 3000\nports_mapping:\n  port_mapping_0:\n    container_port: 8081\n    host_port: 80\nvideoHeight: 100\nvideoWidth: 170','proxytranscoder_image:\n  file: mogswitch/ProxyTranscoder:1.0\n  repository: SWITCH_docker_hub\n  type: tosca.artifacts.Deployment.Image.Container.Docker','2017-04-26 14:19:47.602499','2017-07-14 15:52:20.205470',467,163,178,173),(582,'2b60ae9158a04dc999e15273b37adc92','hw_requirement','single','host:\n  cpu_frequency: 1.5\n  disk_size: 80\n  mem_size: 16\n  num_cpus: 2\nos:\n  architecture: x86_64\n  distribution: ubuntu\n  os_version: 16.04\n  type: linux','','2017-04-26 14:19:47.698973','2017-07-14 15:52:20.219290',514,268,178,8),(583,'7585cf8fc79b4c539f711e862984c00c','qos_constraint','single','QoS:\n  response_time: 50','','2017-04-26 14:19:47.755394','2017-07-14 15:52:20.229792',607,65,178,6),(584,'a155616a6b8d442a99aa35b0ee21e541','monitoring_agent','single','agent_id: null\nprobes:\n  CPU_Probe:\n    active: true\n    metrics:\n      cpuIOwait_metric:\n        name: cpuIOwait\n        type: double\n        unit: \'%\'\n      cpuIdle_metric:\n        name: cpuIdle\n        type: double\n        unit: \'%\'\n      cpuSystem_metric:\n        name: cpuSystem\n        type: double\n        unit: \'%\'\n      cpuTotal_metric:\n        name: cpuTotal\n        thresholds:\n          threshold_0:\n            operator: greater_than\n            value: 80\n          threshold_1:\n            operator: less_than\n            value: 20\n        type: double\n        unit: \'%\'\n      cpuUser_metric:\n        name: cpuUser\n        type: double\n        unit: \'%\'\n    name: CPU\n    static: false\n  DiskStats_Probe:\n    active: true\n    metrics:\n      iotime_metric:\n        name: iotime\n        thresholds:\n          threshold_0:\n            operator: greater_than\n            value: 60\n        type: double\n        unit: \'%\'\n      readkbps_metric:\n        name: readkbps\n        type: double\n        unit: KB/s\n      writekbps_metric:\n        name: writekbps\n        type: double\n        unit: KB/s\n    name: DiskStats\n    static: false\n  Disk_Probe:\n    active: true\n    metrics:\n      diskFree_metric:\n        name: diskFree\n        thresholds:\n          threshold_0:\n            operator: greater_than\n            value: 500\n        type: long\n        unit: MB\n      diskTotal_metric:\n        name: diskTotal\n        type: long\n        unit: MB\n    name: Disk\n    static: false\n  Memory_Probe:\n    active: true\n    metrics:\n      memCache_metric:\n        name: memCache\n        type: integer\n        unit: KB\n      memFree_metric:\n        name: memFree\n        type: integer\n        unit: KB\n      memSwapFree_metric:\n        name: memSwapFree\n        type: integer\n        unit: KB\n      memSwapTotal_metric:\n        name: memSwapTotal\n        type: integer\n        unit: KB\n      memTotal_metric:\n        name: memTotal\n        thresholds: null\n        type: integer\n        unit: KB\n      memUsedPercent_metric:\n        name: memUsedPercent\n        thresholds:\n          threshold_0:\n            operator: greater_than\n            value: 80\n          threshold_1:\n            operator: less_than\n            value: 20\n        type: double\n        unit: \'%\'\n      memUsed_metric:\n        name: memUsed\n        type: integer\n        unit: KB\n    name: Memory\n    static: false\n  Network_Probe:\n    active: true\n    metrics:\n      netBytesIN_metric:\n        name: netBytesIN\n        type: double\n        unit: bytes/s\n      netBytesOUT_metric:\n        name: netBytesOUT\n        type: double\n        unit: bytes/s\n      netPacketsIN_metric:\n        name: netPacketsIN\n        type: double\n        unit: bytes/s\n      netPacketsOUT_metric:\n        name: netPacketsOUT\n        type: double\n        unit: bytes/s\n    name: Network\n    static: false\n  StaticInfo_Probe:\n    active: true\n    metrics:\n      arch_metric:\n        name: arch\n        type: string\n        btime_metric:\n        name: btime\n        type: string\n      cpuNum_metric:\n        name: cpuNum\n        type: string\n      os_metric:\n        name: os\n        type: string\n    name: StaticInfo\n    static: true\n  AppLevel_Probe:\n    active: true\n    metrics:\n      input_frame_rate_metric:\n        name: input_frame_rate\n        thresholds:\n          threshold_0:\n            operator: less_than\n            value: 24\n        type: integer\n        unit: frames/s\n    name: AppLevel\n    path: \'/probes/app_level.jar\'\n    static: false','','2017-04-26 14:19:47.787357','2017-07-14 15:52:20.339734',429,63,178,5),(586,'b179e477e537461b8793bdbbbd4d7cbe','adaptation_policy','single','','','2017-04-26 14:27:11.579712','2017-07-14 15:52:20.238904',324,208,178,7),(587,'ecf5a3ea85884c65ad0b04a5ebac196e','vm','single','OStype: SET_ITS_VALUE\ndomain: SET_ITS_VALUE\ninstallation: SET_ITS_VALUE\nnodetype: SET_ITS_VALUE\npublic_address: SET_ITS_VALUE\nrole: SET_ITS_VALUE\nscript: SET_ITS_VALUE\n','','2017-04-26 14:28:57.969422','2017-07-14 15:52:20.246911',272,353,178,30),(588,'1218ae308424410398a356150f7510b3','monitoring_server','single','ports_mapping:\n  port_mapping_0:\n    container_port: 8080\n    host_port: 8080\n  port_mapping_1:\n    container_port: 4242\n    host_port: 4242\n  port_mapping_2:\n    container_port: 4245\n    host_port: 4245\n  port_mapping_3:\n    container_port: 7199\n    host_port: 7199\n  port_mapping_4:\n    container_port: 7000\n    host_port: 7000\n  port_mapping_5:\n    container_port: 7001\n    host_port: 7001\n  port_mapping_6:\n    container_port: 9160\n    host_port: 9160\n  port_mapping_7:\n    container_port: 9042\n    host_port: 9042\n  port_mapping_8:\n    container_port: 8012\n    host_port: 8012\n  port_mapping_9:\n    container_port: 61621\n    host_port: 61621\n','monitoring_server_image:\n  file: salmant/salman_monitoring_server_container_image\n  repository: SWITCH_docker_hub\n  type: tosca.artifacts.Deployment.Image.Container.Docker\n','2017-05-08 18:05:04.235675','2017-06-23 15:47:19.071000',543,207,127,70),(589,'292efeaa12e34b098fe8469b5a69666a','hw_requirement','single','host:\n  cpu_frequency: 1.2\n  disk_size: 20\n  mem_size: 4\n  num_cpus: 1\nos:\n  architecture: x86_64\n  distribution: ubuntu\n  os_version: 16.04\n  type: linux\n','','2017-05-08 18:05:04.289483','2017-06-23 15:47:19.147000',753,143,127,8),(590,'4ef4c78b076246d196f1428a595bbad0','qos_constraint','single','QoS:\n  response_time: 50','','2017-05-08 18:05:04.360857','2017-06-23 15:47:19.221000',183,94,127,6),(591,'ca1bba42e5ce4d6e97aa4aac42c38d26','ProxyTranscoder','single','multicastAddrIP: 255.2.2.0\nmulticastAddrPort: 3000\nports_mapping:\n  port_mapping_0:\n    container_port: 8081\n    host_port: 80\nvideoHeight: 100\nvideoWidth: 170','proxytranscoder_image:\n  file: mogswitch/ProxyTranscoder:1.0\n  repository: SWITCH_docker_hub\n  type: tosca.artifacts.Deployment.Image.Container.Docker','2017-05-08 18:05:14.037292','2017-06-23 15:47:19.318000',330,301,127,173),(592,'8ca0440833cd498cbafdfd072e066b47','find_me','single','host:\n  cpu_frequency: 1.5\n  disk_size: 80\n  mem_size: 16\n  num_cpus: 2\nos:\n  architecture: x86_64\n  distribution: helloworld\n  os_version: 16.04\n  type: linux','','2017-05-08 18:05:14.089436','2017-06-23 15:47:19.417000',314,430,127,8),(593,'c283f7a884434565bd1291170824911e','qos_constraint','single','QoS:\n  response_time: 50','','2017-05-08 18:05:14.151758','2017-06-23 15:47:19.522000',418,93,127,6),(594,'591a04d8f402456fbe0f0409f4f752fa','monitoring_agent','single','agent_id: null\nprobes:\n  CPU_Probe:\n    active: true\n    metrics:\n      cpuIOwait_metric:\n        name: cpuIOwait\n        type: double\n        unit: \'%\'\n      cpuIdle_metric:\n        name: cpuIdle\n        type: double\n        unit: \'%\'\n      cpuSystem_metric:\n        name: cpuSystem\n        type: double\n        unit: \'%\'\n      cpuTotal_metric:\n        name: cpuTotal\n        thresholds:\n          threshold_0:\n            operator: greater_than\n            value: 80\n          threshold_1:\n            operator: less_than\n            value: 20\n        type: double\n        unit: \'%\'\n      cpuUser_metric:\n        name: cpuUser\n        type: double\n        unit: \'%\'\n    name: CPU\n    static: false\n  DiskStats_Probe:\n    active: true\n    metrics:\n      iotime_metric:\n        name: iotime\n        thresholds:\n          threshold_0:\n            operator: greater_than\n            value: 60\n        type: double\n        unit: \'%\'\n      readkbps_metric:\n        name: readkbps\n        type: double\n        unit: KB/s\n      writekbps_metric:\n        name: writekbps\n        type: double\n        unit: KB/s\n    name: DiskStats\n    static: false\n  Disk_Probe:\n    active: true\n    metrics:\n      diskFree_metric:\n        name: diskFree\n        thresholds:\n          threshold_0:\n            operator: greater_than\n            value: 500\n        type: long\n        unit: MB\n      diskTotal_metric:\n        name: diskTotal\n        type: long\n        unit: MB\n    name: Disk\n    static: false\n  Memory_Probe:\n    active: true\n    metrics:\n      memCache_metric:\n        name: memCache\n        type: integer\n        unit: KB\n      memFree_metric:\n        name: memFree\n        type: integer\n        unit: KB\n      memSwapFree_metric:\n        name: memSwapFree\n        type: integer\n        unit: KB\n      memSwapTotal_metric:\n        name: memSwapTotal\n        type: integer\n        unit: KB\n      memTotal_metric:\n        name: memTotal\n        thresholds: null\n        type: integer\n        unit: KB\n      memUsedPercent_metric:\n        name: memUsedPercent\n        thresholds:\n          threshold_0:\n            operator: greater_than\n            value: 80\n          threshold_1:\n            operator: less_than\n            value: 20\n        type: double\n        unit: \'%\'\n      memUsed_metric:\n        name: memUsed\n        type: integer\n        unit: KB\n    name: Memory\n    static: false\n  Network_Probe:\n    active: true\n    metrics:\n      netBytesIN_metric:\n        name: netBytesIN\n        type: double\n        unit: bytes/s\n      netBytesOUT_metric:\n        name: netBytesOUT\n        type: double\n        unit: bytes/s\n      netPacketsIN_metric:\n        name: netPacketsIN\n        type: double\n        unit: bytes/s\n      netPacketsOUT_metric:\n        name: netPacketsOUT\n        type: double\n        unit: bytes/s\n    name: Network\n    static: false\n  StaticInfo_Probe:\n    active: true\n    metrics:\n      arch_metric:\n        name: arch\n        type: string\n        btime_metric:\n        name: btime\n        type: string\n      cpuNum_metric:\n        name: cpuNum\n        type: string\n      os_metric:\n        name: os\n        type: string\n    name: StaticInfo\n    static: true\n  AppLevel_Probe:\n    active: true\n    metrics:\n      input_frame_rate_metric:\n        name: input_frame_rate\n        thresholds:\n          threshold_0:\n            operator: less_than\n            value: 24\n        type: integer\n        unit: frames/s\n    name: AppLevel\n    path: \'/probes/app_level.jar\'\n    static: false','','2017-05-08 18:05:14.189303','2017-06-23 15:47:19.622000',244,198,127,5),(595,'f1c329e53fb443eb84bf3a9f51ce809b','InputDistributor','single','inPort: 2000\nmulticastAddrIP: 255.2.2.0\nmulticastAddrPort: 3000\nports_mapping:\n  port_mapping_0:\n    container_port: 2000\n    host_port: 2000\nvideoHeight: 100\nvideoWidth: 170\nwaitingTime: 5','inputdistributor_image:\n  file: mogswitch/InputDistributor:1.0\n  repository: SWITCH_docker_hub\n  type: tosca.artifacts.Deployment.Image.Container.Docker','2017-05-08 18:05:16.264441','2017-06-23 15:47:19.767000',640,433,127,172),(597,'1a271692fcd34337900a90e853483142','qos_constraint','single','QoS:\n  response_time: 50','','2017-05-08 18:05:16.356099','2017-06-23 15:47:19.852000',750,346,127,6),(598,'f3e07da5cd1c45669c60aa8c756d5460','monitoring_agent','single','agent_id: null\nprobes:\n  CPU_Probe:\n    active: true\n    metrics:\n      cpuIOwait_metric:\n        name: cpuIOwait\n        type: double\n        unit: \'%\'\n      cpuIdle_metric:\n        name: cpuIdle\n        type: double\n        unit: \'%\'\n      cpuSystem_metric:\n        name: cpuSystem\n        type: double\n        unit: \'%\'\n      cpuTotal_metric:\n        name: cpuTotal\n        thresholds:\n          threshold_0:\n            operator: greater_than\n            value: 80\n          threshold_1:\n            operator: less_than\n            value: 20\n        type: double\n        unit: \'%\'\n      cpuUser_metric:\n        name: cpuUser\n        type: double\n        unit: \'%\'\n    name: CPU\n    static: false\n  DiskStats_Probe:\n    active: true\n    metrics:\n      iotime_metric:\n        name: iotime\n        thresholds:\n          threshold_0:\n            operator: greater_than\n            value: 60\n        type: double\n        unit: \'%\'\n      readkbps_metric:\n        name: readkbps\n        type: double\n        unit: KB/s\n      writekbps_metric:\n        name: writekbps\n        type: double\n        unit: KB/s\n    name: DiskStats\n    static: false\n  Disk_Probe:\n    active: true\n    metrics:\n      diskFree_metric:\n        name: diskFree\n        thresholds:\n          threshold_0:\n            operator: greater_than\n            value: 500\n        type: long\n        unit: MB\n      diskTotal_metric:\n        name: diskTotal\n        type: long\n        unit: MB\n    name: Disk\n    static: false\n  Memory_Probe:\n    active: true\n    metrics:\n      memCache_metric:\n        name: memCache\n        type: integer\n        unit: KB\n      memFree_metric:\n        name: memFree\n        type: integer\n        unit: KB\n      memSwapFree_metric:\n        name: memSwapFree\n        type: integer\n        unit: KB\n      memSwapTotal_metric:\n        name: memSwapTotal\n        type: integer\n        unit: KB\n      memTotal_metric:\n        name: memTotal\n        thresholds: null\n        type: integer\n        unit: KB\n      memUsedPercent_metric:\n        name: memUsedPercent\n        thresholds:\n          threshold_0:\n            operator: greater_than\n            value: 80\n          threshold_1:\n            operator: less_than\n            value: 20\n        type: double\n        unit: \'%\'\n      memUsed_metric:\n        name: memUsed\n        type: integer\n        unit: KB\n    name: Memory\n    static: false\n  Network_Probe:\n    active: true\n    metrics:\n      netBytesIN_metric:\n        name: netBytesIN\n        type: double\n        unit: bytes/s\n      netBytesOUT_metric:\n        name: netBytesOUT\n        type: double\n        unit: bytes/s\n      netPacketsIN_metric:\n        name: netPacketsIN\n        type: double\n        unit: bytes/s\n      netPacketsOUT_metric:\n        name: netPacketsOUT\n        type: double\n        unit: bytes/s\n    name: Network\n    static: false\n  StaticInfo_Probe:\n    active: true\n    metrics:\n      arch_metric:\n        name: arch\n        type: string\n        btime_metric:\n        name: btime\n        type: string\n      cpuNum_metric:\n        name: cpuNum\n        type: string\n      os_metric:\n        name: os\n        type: string\n    name: StaticInfo\n    static: true\n  AppLevel_Probe:\n    active: true\n    metrics:\n      output_frame_rate_metric:\n        name: output_frame_rate\n        thresholds:\n          threshold_0:\n            operator: less_than\n            value: 24\n        type: integer\n        unit: frames/s\n    name: AppLevel\n    path: \'/probes/app_level.jar\'\n    static: false','','2017-05-08 18:05:16.377527','2017-06-23 15:47:19.920000',618,340,127,5),(599,'4213b242292549608266a9632b442fda','connection','single','bandwidth: SET_ITS_VALUE\nlatency: SET_ITS_VALUE\nnetmask: SET_ITS_VALUE\nsource_address: SET_ITS_VALUE\ntarget_address: SET_ITS_VALUE\nQoS:\n  response_time: SET_ITS_VALUE','','2017-05-08 18:05:30.329017','2017-06-23 15:47:19.997000',0,0,127,45),(600,'8b2f60709af24cef89a7978038d14b08','InputDistributor','single','inPort: 2000\nmulticastAddrIP: 255.2.2.0\nmulticastAddrPort: 3000\nports_mapping:\n  port_mapping_0:\n    container_port: 2000\n    host_port: 2000\nvideoHeight: 100\nvideoWidth: 170\nwaitingTime: 5','inputdistributor_image:\n  file: mogswitch/InputDistributor:1.0\n  repository: SWITCH_docker_hub\n  type: tosca.artifacts.Deployment.Image.Container.Docker','2017-05-11 13:57:57.116581','2017-05-29 08:51:33.565466',405,313,187,172),(601,'8d63af1c7d424ced9a74a7ce7ba40ab8','hw_requirement','single','host:\n  cpu_frequency: 1.5\n  disk_size: 80\n  mem_size: 16\n  num_cpus: 2\nos:\n  architecture: x86_64\n  distribution: ubuntu\n  os_version: 16.04\n  type: linux','','2017-05-11 13:57:57.212762','2017-05-29 08:51:33.061281',455,409,187,8),(602,'3072297ae89a42c08c4458e81e46e1c8','qos_constraint','single','QoS:\n  response_time: 50','','2017-05-11 13:57:57.419079','2017-05-29 08:51:33.543437',623,158,187,6),(603,'6ff1146688b04e7bb6a1a4f9452baf03','monitoring_agent','single','agent_id: null\nprobes:\n  CPU_Probe:\n    active: true\n    metrics:\n      cpuIOwait_metric:\n        name: cpuIOwait\n        type: double\n        unit: \'%\'\n      cpuIdle_metric:\n        name: cpuIdle\n        type: double\n        unit: \'%\'\n      cpuSystem_metric:\n        name: cpuSystem\n        type: double\n        unit: \'%\'\n      cpuTotal_metric:\n        name: cpuTotal\n        thresholds:\n          threshold_0:\n            operator: greater_than\n            value: 80\n          threshold_1:\n            operator: less_than\n            value: 20\n        type: double\n        unit: \'%\'\n      cpuUser_metric:\n        name: cpuUser\n        type: double\n        unit: \'%\'\n    name: CPU\n    static: false\n  DiskStats_Probe:\n    active: true\n    metrics:\n      iotime_metric:\n        name: iotime\n        thresholds:\n          threshold_0:\n            operator: greater_than\n            value: 60\n        type: double\n        unit: \'%\'\n      readkbps_metric:\n        name: readkbps\n        type: double\n        unit: KB/s\n      writekbps_metric:\n        name: writekbps\n        type: double\n        unit: KB/s\n    name: DiskStats\n    static: false\n  Disk_Probe:\n    active: true\n    metrics:\n      diskFree_metric:\n        name: diskFree\n        thresholds:\n          threshold_0:\n            operator: greater_than\n            value: 500\n        type: long\n        unit: MB\n      diskTotal_metric:\n        name: diskTotal\n        type: long\n        unit: MB\n    name: Disk\n    static: false\n  Memory_Probe:\n    active: true\n    metrics:\n      memCache_metric:\n        name: memCache\n        type: integer\n        unit: KB\n      memFree_metric:\n        name: memFree\n        type: integer\n        unit: KB\n      memSwapFree_metric:\n        name: memSwapFree\n        type: integer\n        unit: KB\n      memSwapTotal_metric:\n        name: memSwapTotal\n        type: integer\n        unit: KB\n      memTotal_metric:\n        name: memTotal\n        thresholds: null\n        type: integer\n        unit: KB\n      memUsedPercent_metric:\n        name: memUsedPercent\n        thresholds:\n          threshold_0:\n            operator: greater_than\n            value: 80\n          threshold_1:\n            operator: less_than\n            value: 20\n        type: double\n        unit: \'%\'\n      memUsed_metric:\n        name: memUsed\n        type: integer\n        unit: KB\n    name: Memory\n    static: false\n  Network_Probe:\n    active: true\n    metrics:\n      netBytesIN_metric:\n        name: netBytesIN\n        type: double\n        unit: bytes/s\n      netBytesOUT_metric:\n        name: netBytesOUT\n        type: double\n        unit: bytes/s\n      netPacketsIN_metric:\n        name: netPacketsIN\n        type: double\n        unit: bytes/s\n      netPacketsOUT_metric:\n        name: netPacketsOUT\n        type: double\n        unit: bytes/s\n    name: Network\n    static: false\n  StaticInfo_Probe:\n    active: true\n    metrics:\n      arch_metric:\n        name: arch\n        type: string\n        btime_metric:\n        name: btime\n        type: string\n      cpuNum_metric:\n        name: cpuNum\n        type: string\n      os_metric:\n        name: os\n        type: string\n    name: StaticInfo\n    static: true\n  AppLevel_Probe:\n    active: true\n    metrics:\n      output_frame_rate_metric:\n        name: output_frame_rate\n        thresholds:\n          threshold_0:\n            operator: less_than\n            value: 24\n        type: integer\n        unit: frames/s\n    name: AppLevel\n    path: \'/probes/app_level.jar\'\n    static: false','','2017-05-11 13:57:57.496866','2017-05-29 08:51:33.110397',388,226,187,5),(604,'990d6796526a43dfada293e238880937','ProxyTranscoder','single','multicastAddrIP: 255.2.2.0\nmulticastAddrPort: 3000\nports_mapping:\n  port_mapping_0:\n    container_port: 8081\n    host_port: 80\nvideoHeight: 100\nvideoWidth: 170','proxytranscoder_image:\n  file: mogswitch/ProxyTranscoder:1.0\n  repository: SWITCH_docker_hub\n  type: tosca.artifacts.Deployment.Image.Container.Docker','2017-05-11 13:57:59.585188','2017-05-29 08:51:33.169843',873,283,187,173),(605,'77c76e6652c443a9bf9e20362b76c67a','hw_requirement','single','host:\n  cpu_frequency: 1.5\n  disk_size: 80\n  mem_size: 16\n  num_cpus: 2\nos:\n  architecture: x86_64\n  distribution: ubuntu\n  os_version: 16.04\n  type: linux','','2017-05-11 13:57:59.649674','2017-05-29 08:51:33.069259',921,388,187,8),(606,'b3330cacbea44068929aadb00e0e6eae','qos_constraint','single','QoS:\n  response_time: 50','','2017-05-11 13:57:59.672287','2017-05-29 08:51:33.430932',1013,184,187,6),(607,'b00377a8f5074509a6f3b23708208135','monitoring_agent','single','agent_id: null\nprobes:\n  CPU_Probe:\n    active: true\n    metrics:\n      cpuIOwait_metric:\n        name: cpuIOwait\n        type: double\n        unit: \'%\'\n      cpuIdle_metric:\n        name: cpuIdle\n        type: double\n        unit: \'%\'\n      cpuSystem_metric:\n        name: cpuSystem\n        type: double\n        unit: \'%\'\n      cpuTotal_metric:\n        name: cpuTotal\n        thresholds:\n          threshold_0:\n            operator: greater_than\n            value: 80\n          threshold_1:\n            operator: less_than\n            value: 20\n        type: double\n        unit: \'%\'\n      cpuUser_metric:\n        name: cpuUser\n        type: double\n        unit: \'%\'\n    name: CPU\n    static: false\n  DiskStats_Probe:\n    active: true\n    metrics:\n      iotime_metric:\n        name: iotime\n        thresholds:\n          threshold_0:\n            operator: greater_than\n            value: 60\n        type: double\n        unit: \'%\'\n      readkbps_metric:\n        name: readkbps\n        type: double\n        unit: KB/s\n      writekbps_metric:\n        name: writekbps\n        type: double\n        unit: KB/s\n    name: DiskStats\n    static: false\n  Disk_Probe:\n    active: true\n    metrics:\n      diskFree_metric:\n        name: diskFree\n        thresholds:\n          threshold_0:\n            operator: greater_than\n            value: 500\n        type: long\n        unit: MB\n      diskTotal_metric:\n        name: diskTotal\n        type: long\n        unit: MB\n    name: Disk\n    static: false\n  Memory_Probe:\n    active: true\n    metrics:\n      memCache_metric:\n        name: memCache\n        type: integer\n        unit: KB\n      memFree_metric:\n        name: memFree\n        type: integer\n        unit: KB\n      memSwapFree_metric:\n        name: memSwapFree\n        type: integer\n        unit: KB\n      memSwapTotal_metric:\n        name: memSwapTotal\n        type: integer\n        unit: KB\n      memTotal_metric:\n        name: memTotal\n        thresholds: null\n        type: integer\n        unit: KB\n      memUsedPercent_metric:\n        name: memUsedPercent\n        thresholds:\n          threshold_0:\n            operator: greater_than\n            value: 80\n          threshold_1:\n            operator: less_than\n            value: 20\n        type: double\n        unit: \'%\'\n      memUsed_metric:\n        name: memUsed\n        type: integer\n        unit: KB\n    name: Memory\n    static: false\n  Network_Probe:\n    active: true\n    metrics:\n      netBytesIN_metric:\n        name: netBytesIN\n        type: double\n        unit: bytes/s\n      netBytesOUT_metric:\n        name: netBytesOUT\n        type: double\n        unit: bytes/s\n      netPacketsIN_metric:\n        name: netPacketsIN\n        type: double\n        unit: bytes/s\n      netPacketsOUT_metric:\n        name: netPacketsOUT\n        type: double\n        unit: bytes/s\n    name: Network\n    static: false\n  StaticInfo_Probe:\n    active: true\n    metrics:\n      arch_metric:\n        name: arch\n        type: string\n        btime_metric:\n        name: btime\n        type: string\n      cpuNum_metric:\n        name: cpuNum\n        type: string\n      os_metric:\n        name: os\n        type: string\n    name: StaticInfo\n    static: true\n  AppLevel_Probe:\n    active: true\n    metrics:\n      input_frame_rate_metric:\n        name: input_frame_rate\n        thresholds:\n          threshold_0:\n            operator: less_than\n            value: 24\n        type: integer\n        unit: frames/s\n    name: AppLevel\n    path: \'/probes/app_level.jar\'\n    static: false','','2017-05-11 13:57:59.752945','2017-05-29 08:51:33.453436',852,185,187,5),(608,'d11f469776ac4bb596f1ba8e82484d13','WebServer','single','','jitsimeet_docker_image:\n  file: null\n  repository: SWITCH_docker_hub\n  type: tosca.artifacts.Deployment.Image.Container.Docker','2017-05-17 10:47:28.603092','2017-05-17 10:47:28.603137',621,118,194,178),(609,'bbfc1e158f0f4c99b5b96c2d1f13c14d','Jicofo','single','deploy: SET_ITS_VALUE\nips: SET_ITS_VALUE\nports_mapping:\n  port_mapping_0:\n    container_port: SET_ITS_VALUE\n    host_port: SET_ITS_VALUE\n  port_mapping_1:\n    container_port: SET_ITS_VALUE\n    host_port: SET_ITS_VALUE\n  port_mapping_2:\n    container_port: SET_ITS_VALUE\n    host_port: SET_ITS_VALUE','jitsimeet_docker_image:\n  file: null\n  repository: SWITCH_docker_hub\n  type: tosca.artifacts.Deployment.Image.Container.Docker','2017-05-17 10:47:28.659850','2017-05-17 10:47:28.659892',978,125,194,178),(610,'4e2c01e304a7449bbb5468d8770dea14','Prosody','single','deploy: SET_ITS_VALUE\nips: SET_ITS_VALUE\nports_mapping:\n  port_mapping_0:\n    container_port: SET_ITS_VALUE\n    host_port: SET_ITS_VALUE\n  port_mapping_1:\n    container_port: SET_ITS_VALUE\n    host_port: SET_ITS_VALUE\n  port_mapping_2:\n    container_port: SET_ITS_VALUE\n    host_port: SET_ITS_VALUE','jitsimeet_docker_image:\n  file: null\n  repository: SWITCH_docker_hub\n  type: tosca.artifacts.Deployment.Image.Container.Docker','2017-05-17 10:47:28.695100','2017-05-17 10:47:28.695142',579,343,194,178),(611,'8e6aec4250dc4e9b98e6f76e43fdcfe0','Videobridge','single','deploy: SET_ITS_VALUE\nips: SET_ITS_VALUE\nports_mapping:\n  port_mapping_0:\n    container_port: SET_ITS_VALUE\n    host_port: SET_ITS_VALUE\n  port_mapping_1:\n    container_port: SET_ITS_VALUE\n    host_port: SET_ITS_VALUE\n  port_mapping_2:\n    container_port: SET_ITS_VALUE\n    host_port: SET_ITS_VALUE','jitsimeet_docker_image:\n  file: null\n  repository: SWITCH_docker_hub\n  type: tosca.artifacts.Deployment.Image.Container.Docker','2017-05-17 10:47:28.810044','2017-05-17 10:47:28.810096',989,350,194,178),(612,'12abc18ddca94e21b55fd52df1e8a662','WebServer','single','','jitsimeet_docker_image:\n  file: null\n  repository: SWITCH_docker_hub\n  type: tosca.artifacts.Deployment.Image.Container.Docker','2017-05-17 10:51:11.780438','2017-05-17 10:51:11.780492',621,118,195,178),(613,'d4263dc0f246488e9abf74648982ad46','Jicofo','single','deploy: SET_ITS_VALUE\nips: SET_ITS_VALUE\nports_mapping:\n  port_mapping_0:\n    container_port: SET_ITS_VALUE\n    host_port: SET_ITS_VALUE\n  port_mapping_1:\n    container_port: SET_ITS_VALUE\n    host_port: SET_ITS_VALUE\n  port_mapping_2:\n    container_port: SET_ITS_VALUE\n    host_port: SET_ITS_VALUE','jitsimeet_docker_image:\n  file: null\n  repository: SWITCH_docker_hub\n  type: tosca.artifacts.Deployment.Image.Container.Docker','2017-05-17 10:51:11.836751','2017-05-17 10:51:11.836800',978,125,195,178),(614,'6d935f17deaf4b4a9a119aa7ce353794','Prosody','single','deploy: SET_ITS_VALUE\nips: SET_ITS_VALUE\nports_mapping:\n  port_mapping_0:\n    container_port: SET_ITS_VALUE\n    host_port: SET_ITS_VALUE\n  port_mapping_1:\n    container_port: SET_ITS_VALUE\n    host_port: SET_ITS_VALUE\n  port_mapping_2:\n    container_port: SET_ITS_VALUE\n    host_port: SET_ITS_VALUE','jitsimeet_docker_image:\n  file: null\n  repository: SWITCH_docker_hub\n  type: tosca.artifacts.Deployment.Image.Container.Docker','2017-05-17 10:51:11.927843','2017-05-17 10:51:11.927899',579,343,195,178),(615,'ee74564cfa374552aaba68e5d2900417','Videobridge','single','deploy: SET_ITS_VALUE\nips: SET_ITS_VALUE\nports_mapping:\n  port_mapping_0:\n    container_port: SET_ITS_VALUE\n    host_port: SET_ITS_VALUE\n  port_mapping_1:\n    container_port: SET_ITS_VALUE\n    host_port: SET_ITS_VALUE\n  port_mapping_2:\n    container_port: SET_ITS_VALUE\n    host_port: SET_ITS_VALUE','jitsimeet_docker_image:\n  file: null\n  repository: SWITCH_docker_hub\n  type: tosca.artifacts.Deployment.Image.Container.Docker','2017-05-17 10:51:11.969919','2017-05-17 10:51:11.969971',989,350,195,178),(616,'6683abb1b6c3442da79c0c0dab76e5d0','hw_requirement','single','host:\n  cpu_frequency: SET_ITS_VALUE\n  disk_size: SET_ITS_VALUE\n  mem_size: SET_ITS_VALUE\n  num_cpus: SET_ITS_VALUE\nos:\n  architecture: x86_64\n  distribution: ubuntu\n  os_version: 16.04\n  type: linux\n','','2017-05-17 11:16:58.369162','2017-07-14 15:52:20.256091',34,70,178,8),(617,'cbd89f1a80de4dbe994489b5218c5a91','hw_requirement','single','host:\n  cpu_frequency: SET_ITS_VALUE\n  disk_size: SET_ITS_VALUE\n  mem_size: SET_ITS_VALUE\n  num_cpus: SET_ITS_VALUE\nos:\n  architecture: x86_64\n  distribution: ubuntu\n  os_version: 16.04\n  type: linux\n','','2017-05-17 11:17:01.114702','2017-07-14 15:52:20.265184',834,102,178,8),(618,'44b4a575f455466e9ebf5b64a0f93eea','subnet','single','name: SET_ITS_VALUE\nnetmask: 255.255.255.0\nsubnet: 192.168.10.0\n','','2017-05-17 11:17:05.575669','2017-07-14 15:52:20.277520',905,125,178,31),(619,'9499a5c3787d4138a1d07c1a7ea5bbd4','Core Component','single','bb: SET_ITS_VALUE\nports_mapping:\n  port_mapping_0:\n    container_port: SET_ITS_VALUE\n    host_port: SET_ITS_VALUE\n  port_mapping_1:\n    container_port: SET_ITS_VALUE\n    host_port: SET_ITS_VALUE\n  port_mapping_2:\n    container_port: SET_ITS_VALUE\n    host_port: SET_ITS_VALUE','bb_image:\n  file: null\n  repository: SWITCH_docker_hub\n  type: tosca.artifacts.Deployment.Image.Container.Docker','2017-05-18 14:02:16.608633','2017-08-20 17:50:15.703184',810,233,196,196),(620,'197c09c8d3034d3a816bf3fc32da0a47','qos_constraint','single','QoS:\n  response_time: SET_ITS_VALUE','','2017-05-26 08:28:34.464759','2017-07-14 15:52:20.288237',936,341,178,6),(621,'380fd291e7814e889abfb83344c46eae','subnet','single','name: SET_ITS_VALUE\nnetmask: 255.255.255.0\nsubnet: 192.168.10.0\n','','2017-05-26 08:28:36.327322','2017-07-14 15:52:20.299261',717,459,178,31),(622,'2a4fa68b689f4a5abd091fca8b744c94','Input_Distributor','single','Input_RTP_TS_Port: 2000\nOutput_Uncompressed_Video_Multicast_Address: 225.2.2.0\nOutput_Uncompressed_Video_Multicast_Port: 3000\nWaiting_Time: 5\nports_mapping:\n  port_mapping_0:\n    container_port: SET_ITS_VALUE\n    host_port: SET_ITS_VALUE\n  port_mapping_1:\n    container_port: SET_ITS_VALUE\n    host_port: SET_ITS_VALUE\n  port_mapping_2:\n    container_port: SET_ITS_VALUE\n    host_port: SET_ITS_VALUE','input_distributor_image:\n  file: \'\'\n  repository: SWITCH_docker_hub\n  type: tosca.artifacts.Deployment.Image.Container.Docker','2017-05-29 09:01:41.332690','2017-05-29 09:17:53.708250',481,299,197,197),(624,'5f246303190d47c09bcf2aa2ad267057','Switcher','single','Input_A_Uncompressed_Video_Multicast_Address: 225.2.2.0\nInput_A_Uncompressed_Video_Multicast_Port: 3000\nInput_B_Uncompressed_Video_Multicast_Address: 225.2.2.1\nInput_B_Uncompressed_Video_Multicast_Port: 3002\nInput_Video_Height: 100\nInput_Video_Width: 176\nOutput_REST_PORT: 8008\nOutput_Uncompressed_Video_Multicast_Address: 226.2.2.2\nOutput_Uncompressed_Video_Multicast_Port: 6000\nWaiting_Time: 5\nports_mapping:\n  port_mapping_0:\n    container_port: SET_ITS_VALUE\n    host_port: SET_ITS_VALUE\n  port_mapping_1:\n    container_port: SET_ITS_VALUE\n    host_port: SET_ITS_VALUE\n  port_mapping_2:\n    container_port: SET_ITS_VALUE\n    host_port: SET_ITS_VALUE','','2017-05-29 09:16:43.536324','2017-05-29 09:23:11.062612',400,200,200,200),(625,'ec1af6b680e749bb96f89806e5a58b23','monitoring_server','single','ports_mapping:\n  port_mapping_0:\n    container_port: 8080\n    host_port: 8080\n  port_mapping_1:\n    container_port: 4242\n    host_port: 4242\n  port_mapping_2:\n    container_port: 4245\n    host_port: 4245\n  port_mapping_3:\n    container_port: 7199\n    host_port: 7199\n  port_mapping_4:\n    container_port: 7000\n    host_port: 7000\n  port_mapping_5:\n    container_port: 7001\n    host_port: 7001\n  port_mapping_6:\n    container_port: 9160\n    host_port: 9160\n  port_mapping_7:\n    container_port: 9042\n    host_port: 9042\n  port_mapping_8:\n    container_port: 8012\n    host_port: 8012\n  port_mapping_9:\n    container_port: 61621\n    host_port: 61621\n','monitoring_server_image:\n  file: salmant/salman_monitoring_server_container_image\n  repository: SWITCH_docker_hub\n  type: tosca.artifacts.Deployment.Image.Container.Docker\n','2017-06-05 13:04:04.656121','2017-06-05 13:04:04.656171',597,-87,203,70),(638,'6dfe7040a88f444e82604e93d5266dc2','InputDistributor.cardiff','single','inPort: 2000\nmulticastAddrIP: 225.2.2.0\nmulticastAddrPort: 3000\nports_mapping:\n  port_mapping_0:\n    container_port: ${inPort}\n    host_port: ${inPort}\nwaitingTime: 5','inputdistributor.cardiff_image:\n  file: null\n  repository: SWITCH_docker_hub\n  type: tosca.artifacts.Deployment.Image.Container.Docker','2017-06-05 15:25:34.682297','2017-06-07 15:51:01.465674',400,200,206,206),(639,'ce1f897638564018b55f7ef9be86ea8e','OutputTranscoder.Cardiff','single','OutIP: 192.168.1.194\nOutPort: 4000\nports_mapping:\n  port_mapping_0:\n    container_port: SET_ITS_VALUE\n    host_port: SET_ITS_VALUE\nvideoHeight: 100\nvideoWidth: 176','','2017-06-05 15:29:00.670051','2017-06-06 14:43:59.596386',400,200,207,207),(640,'da1b6e366bde4a14ac40d8ea64d56df6','ProxyTranscoder.Cardiff','single','multicastAddrIP: 225.2.2.0\nmulticastAddrPort: 3000\nports_mapping:\n  port_mapping_0:\n    container_port: SET_ITS_VALUE\n    host_port: SET_ITS_VALUE','','2017-06-05 15:33:10.363198','2017-06-06 14:44:16.175765',400,200,208,208),(641,'039ca9d5f8864eefa4d053b4f513eaec','Switcher.Cardiff','single','multicastAddrIP: 225.2.2.0\nmulticastAddrIP2: 225.2.2.2\nmulticastAddrPort: 3000\nmulticastAddrPort2: 3002\nports_mapping:\n  port_mapping_0:\n    container_port: SET_ITS_VALUE\n    host_port: SET_ITS_VALUE\nswitcherOutAddrIP: 226.2.2.2\nswitcherOutAddrPort: 6000\nswitcherREST: 8008\nvideoHeight: 100\nvideoWidth: 176\nwaitingTime: 5','','2017-06-05 15:39:34.850459','2017-06-06 15:10:59.479736',400,200,209,209),(666,'6be727ce5fa14e6d9a37438d0ec94ff0','InputTranscoder.01','single','inPort: 2000\nmulticastAddrIP: 225.2.2.0\nmulticastAddrPort: 3000\nports_mapping:\n  port_mapping_0:\n    container_port: ${inPort}\n    host_port: ${inPort}\nwaitingTime: 5','inputdistributor.cardiff_image:\n  file: null\n  repository: SWITCH_docker_hub\n  type: tosca.artifacts.Deployment.Image.Container.Docker','2017-06-06 14:42:14.924588','2017-06-07 08:56:17.858496',125,98,210,206),(667,'8bffa661cfa449dfad837eba8498b405','ProxyTranscoder.01','single','multicastAddrIP: 225.2.2.0\nmulticastAddrPort: 3000\nports_mapping:\n  port_mapping_0:\n    container_port: 80\n    host_port: 8081','','2017-06-06 14:44:27.020450','2017-06-07 08:56:17.879844',314,373,210,208),(669,'573924ffc0754dfc95c4489e0a189040','InputTranscoder.02','single','inPort: 2000\nmulticastAddrIP: 225.2.2.2\nmulticastAddrPort: 3000\nports_mapping:\n  port_mapping_0:\n    container_port: ${multicastAddrPort}\n    host_port: ${multicastAddrPort}\nwaitingTime: 5','inputdistributor.cardiff_image:\n  file: null\n  repository: SWITCH_docker_hub\n  type: tosca.artifacts.Deployment.Image.Container.Docker','2017-06-06 14:55:44.500427','2017-06-07 08:56:17.923193',128,207,210,206),(672,'58ed77c383974e27a4ab0be0fee0569c','ProxyTranscoder.02','single','multicastAddrIP: 225.2.2.2\nmulticastAddrPort: 3000\nports_mapping:\n  port_mapping_0:\n    container_port: 80\n    host_port: 8082','','2017-06-06 14:56:26.450769','2017-06-07 08:56:17.934989',481,372,210,208),(674,'c36fec291abf4127a84990aee0deb6af','hw_InputTranscoder','single','host:\n  cpu_frequency: 1GHz\n  disk_size: 1GB\n  mem_size: 1GB\n  num_cpus: 1\nos:\n  architecture: x86_64\n  distribution: ubuntu\n  os_version: 16.04\n  type: linux','','2017-06-06 14:57:52.457386','2017-06-07 08:56:17.956557',66,139,210,8),(678,'9afdc0af1fb14bf59a9a802a6670684d','hw_ProxyTranscoder','single','host:\n  cpu_frequency: 3GHz\n  disk_size: 1GB\n  mem_size: 1GB\n  num_cpus: 2\nos:\n  architecture: x86_64\n  distribution: ubuntu\n  os_version: 16.04\n  type: linux','','2017-06-06 15:01:39.049194','2017-06-07 08:56:17.967953',550,459,210,8),(681,'113178e7f70b47d0b5f57069b9f37846','hw_Switcher','single','host:\n  cpu_frequency: 3Ghz\n  disk_size: 1GB\n  mem_size: 1GB\n  num_cpus: 1\nos:\n  architecture: x86_64\n  distribution: ubuntu\n  os_version: 16.04\n  type: linux','','2017-06-06 15:08:38.054906','2017-06-07 08:56:17.983932',596,34,210,8),(685,'7855f2357cd840918accf1df70bae6e2','ProxyTranscoder.Out','single','multicastAddrIP: 225.2.2.0\nmulticastAddrPort: 3000\nports_mapping:\n  port_mapping_0:\n    container_port: 80\n    host_port: 8085','','2017-06-06 15:13:41.249512','2017-06-07 08:56:17.995170',710,371,210,208),(686,'8b5621b5fbe94f4ab68a57b00cb07b6a','Switcher','single','multicastAddrIP: 225.2.2.0\nmulticastAddrIP2: 225.2.2.2\nmulticastAddrPort: 3000\nmulticastAddrPort2: 3002\nports_mapping:\n  port_mapping_0:\n    container_port: ${switcherREST}\n    host_port: ${switcherREST}\nswitcherOutAddrIP: 226.2.2.2\nswitcherOutAddrPort: 6000\nswitcherREST: 8008\nvideoHeight: 100\nvideoWidth: 176\nwaitingTime: 5','','2017-06-06 15:14:25.953674','2017-06-07 08:56:18.019917',534,125,210,209),(691,'432dc3f64d1c4092a3657837ef92279c','OutputTranscoder','single','OutIP: 192.168.1.194\nOutPort: 4000\nports_mapping:\n  port_mapping_0:\n    container_port: ${OutPort}\n    host_port: ${OutPort}\nvideoHeight: 100\nvideoWidth: 176','','2017-06-06 15:16:15.274417','2017-06-07 08:56:18.035576',871,122,210,207),(693,'7b72ae6fe9da4bdbb806b6385f8454bb','hw_OutputTranscoder','single','host:\n  cpu_frequency: 3GHz\n  disk_size: 1GB\n  mem_size: 1GB\n  num_cpus: 2\nos:\n  architecture: x86_64\n  distribution: ubuntu\n  os_version: 16.04\n  type: linux','','2017-06-06 15:23:06.376096','2017-06-07 08:56:18.073164',909,33,210,8),(695,'333213e1e27c4d8ca507796b685c0a6f','qos_constraint','single','QoS:\n  response_time: 30ms\n  packet_loss: 0','','2017-06-06 15:33:11.606395','2017-06-07 08:56:18.118505',448,292,210,6),(696,'bce936d3fee542179c44710e78c94a70','connection','single','bandwidth: 1Gb\nlatency: 20ms','','2017-06-07 08:34:16.924982','2017-06-07 08:56:18.211868',0,0,210,45),(697,'8bc5abcbae554f82adc621d4a2475381','connection','single','bandwidth: 1Gb\nlatency: 20ms','','2017-06-07 08:34:18.991653','2017-06-07 08:56:18.236048',0,0,210,45),(698,'a52c676668054c62ab71e2353388d4d5','connection','single','bandwidth: 1Gb\nlatency: 20ms','','2017-06-07 08:34:24.377635','2017-06-07 08:56:18.180680',0,0,210,45),(699,'f9a17d09d8bd4f95962a3d86d71d1332','connection','single','bandwidth: 1Gb\nlatency: 20ms','','2017-06-07 08:34:28.020138','2017-06-07 08:56:18.246384',0,0,210,45),(700,'849ea5ba993846aa8d3dd525f5d87102','connection','single','bandwidth: 1Gb\nlatency: 20ms','','2017-06-07 08:34:29.948995','2017-06-07 08:56:18.222962',0,0,210,45),(701,'5a7c790fe0cd4eae914585d2d9aadc66','connection','single','bandwidth: 1Gb\nlatency: 20ms','','2017-06-07 08:34:32.780956','2017-06-07 08:56:18.170949',0,0,210,45),(703,'897e8ff246af4066867dacebe63e754b','monitoring_server','single','ports_mapping:\n  port_mapping_0:\n    container_port: 8080\n    host_port: 8080\n  port_mapping_1:\n    container_port: 4242\n    host_port: 4242\n  port_mapping_2:\n    container_port: 4245\n    host_port: 4245\n  port_mapping_3:\n    container_port: 7199\n    host_port: 7199\n  port_mapping_4:\n    container_port: 7000\n    host_port: 7000\n  port_mapping_5:\n    container_port: 7001\n    host_port: 7001\n  port_mapping_6:\n    container_port: 9160\n    host_port: 9160\n  port_mapping_7:\n    container_port: 9042\n    host_port: 9042\n  port_mapping_8:\n    container_port: 8012\n    host_port: 8012\n  port_mapping_9:\n    container_port: 61621\n    host_port: 61621\n','monitoring_server_image:\n  file: salmant/salman_monitoring_server_container_image\n  repository: SWITCH_docker_hub\n  type: tosca.artifacts.Deployment.Image.Container.Docker\n','2017-06-07 14:58:17.139685','2017-06-07 15:51:01.565219',228,204,206,70),(704,'f8364338f7c84406b39c65035ac35d63','hw_requirement','single','host:\n  cpu_frequency: 1.2\n  disk_size: 20\n  mem_size: 4\n  num_cpus: 1\nos:\n  architecture: x86_64\n  distribution: ubuntu\n  os_version: 16.04\n  type: linux\n','','2017-06-07 14:58:17.259715','2017-06-07 15:51:01.536486',131,302,206,8),(705,'58c705501fde4c999ee52624fa7f1e2e','qos_constraint','single','QoS:\n  response_time: 50','','2017-06-07 14:58:17.331456','2017-06-07 15:51:01.500233',149,112,206,6),(706,'cd3f8ad195674ac9b2819ec21d88b40e','qos_constraint','single','QoS:\n  response_time: SET_ITS_VALUE','','2017-06-07 15:04:31.428249','2017-06-07 15:51:01.484590',782,169,206,6),(707,'51d1786d6bd147429e72f4c1e705f0ff','WebServer','single','','jitsimeet_docker_image:\n  file: null\n  repository: SWITCH_docker_hub\n  type: tosca.artifacts.Deployment.Image.Container.Docker','2017-06-08 14:36:30.077814','2017-06-08 14:36:30.077861',623,124,212,178),(708,'5299b22add6d4e2d9bae7b0236c65693','Jicofo','single','deploy: SET_ITS_VALUE\nips: SET_ITS_VALUE\nports_mapping:\n  port_mapping_0:\n    container_port: SET_ITS_VALUE\n    host_port: SET_ITS_VALUE\n  port_mapping_1:\n    container_port: SET_ITS_VALUE\n    host_port: SET_ITS_VALUE\n  port_mapping_2:\n    container_port: SET_ITS_VALUE\n    host_port: SET_ITS_VALUE','jitsimeet_docker_image:\n  file: null\n  repository: SWITCH_docker_hub\n  type: tosca.artifacts.Deployment.Image.Container.Docker','2017-06-08 14:36:30.096754','2017-06-08 14:36:30.096794',978,125,212,178),(709,'a146d429842143fbac6233264eee2bcd','Prosody','single','deploy: SET_ITS_VALUE\nips: SET_ITS_VALUE\nports_mapping:\n  port_mapping_0:\n    container_port: SET_ITS_VALUE\n    host_port: SET_ITS_VALUE\n  port_mapping_1:\n    container_port: SET_ITS_VALUE\n    host_port: SET_ITS_VALUE\n  port_mapping_2:\n    container_port: SET_ITS_VALUE\n    host_port: SET_ITS_VALUE','jitsimeet_docker_image:\n  file: null\n  repository: SWITCH_docker_hub\n  type: tosca.artifacts.Deployment.Image.Container.Docker','2017-06-08 14:36:30.160048','2017-06-08 14:36:30.160106',579,343,212,178),(710,'a29bf2ab912e43e296d062e95732e908','Videobridge','single','deploy: SET_ITS_VALUE\nips: SET_ITS_VALUE\nports_mapping:\n  port_mapping_0:\n    container_port: SET_ITS_VALUE\n    host_port: SET_ITS_VALUE\n  port_mapping_1:\n    container_port: SET_ITS_VALUE\n    host_port: SET_ITS_VALUE\n  port_mapping_2:\n    container_port: SET_ITS_VALUE\n    host_port: SET_ITS_VALUE','jitsimeet_docker_image:\n  file: null\n  repository: SWITCH_docker_hub\n  type: tosca.artifacts.Deployment.Image.Container.Docker','2017-06-08 14:36:30.177476','2017-06-08 14:36:30.177516',989,350,212,178),(715,'4e133ce482924177a9e4ff443fa585e8','RTU Sensor Data Acquisition','single','ports_mapping:\n  port_mapping_0:\n    container_port: SET_ITS_VALUE\n    host_port: SET_ITS_VALUE\n  port_mapping_1:\n    container_port: SET_ITS_VALUE\n    host_port: SET_ITS_VALUE\n  port_mapping_2:\n    container_port: SET_ITS_VALUE\n    host_port: SET_ITS_VALUE\n','rtu_sensor_data_acquisition_image:\n  file: beia/samplegen\n  repository: SWITCH_docker_hub\n  type: tosca.artifacts.Deployment.Image.Container.Docker\n','2017-06-08 15:16:07.776442','2017-06-08 15:20:34.196480',271,136,215,215),(743,'88f9c0d0932d404a87111ffb493570e4','RTU Sensor Data Acquisitions','single','ports_mapping:\n  port_mapping_0:\n    container_port: SET_ITS_VALUE\n    host_port: SET_ITS_VALUE\n  port_mapping_1:\n    container_port: SET_ITS_VALUE\n    host_port: SET_ITS_VALUE\n  port_mapping_2:\n    container_port: SET_ITS_VALUE\n    host_port: SET_ITS_VALUE\n','','2017-06-09 09:25:46.948424','2017-06-09 09:25:46.948478',400,200,225,225),(744,'14bfc76905f947c5a4e17a94c0af62f8','Database Server','single','ports_mapping:\n  port_mapping_0:\n    container_port: SET_ITS_VALUE\n    host_port: SET_ITS_VALUE\n  port_mapping_1:\n    container_port: SET_ITS_VALUE\n    host_port: SET_ITS_VALUE\n  port_mapping_2:\n    container_port: SET_ITS_VALUE\n    host_port: SET_ITS_VALUE\n','','2017-06-09 09:26:36.312969','2017-06-09 09:26:36.313025',400,200,226,226),(745,'3e558bd683d249d7a1bbaed1c3c6cdae','Telemetry Gateway','single','ports_mapping:\n  port_mapping_0:\n    container_port: SET_ITS_VALUE\n    host_port: SET_ITS_VALUE\n  port_mapping_1:\n    container_port: SET_ITS_VALUE\n    host_port: SET_ITS_VALUE\n  port_mapping_2:\n    container_port: SET_ITS_VALUE\n    host_port: SET_ITS_VALUE\n','','2017-06-09 09:27:24.824729','2017-06-09 09:30:26.839175',400,200,227,227),(746,'8fb590ee27734eda968208123ae63ac5','Notification Server','single','ports_mapping:\n  port_mapping_0:\n    container_port: SET_ITS_VALUE\n    host_port: SET_ITS_VALUE\n  port_mapping_1:\n    container_port: SET_ITS_VALUE\n    host_port: SET_ITS_VALUE\n  port_mapping_2:\n    container_port: SET_ITS_VALUE\n    host_port: SET_ITS_VALUE\n','','2017-06-09 09:27:52.543558','2017-06-09 09:27:52.543621',400,200,228,228),(747,'dbf34901e9294d9abfbdfb1d2f0de819','Monitoring','single','ports_mapping:\n  port_mapping_0:\n    container_port: SET_ITS_VALUE\n    host_port: SET_ITS_VALUE\n  port_mapping_1:\n    container_port: SET_ITS_VALUE\n    host_port: SET_ITS_VALUE\n  port_mapping_2:\n    container_port: SET_ITS_VALUE\n    host_port: SET_ITS_VALUE\n','','2017-06-09 09:28:20.794503','2017-06-09 09:45:33.118757',400,200,229,229),(748,'6f5182969564439b84cd09d4149140a8','monitoring_server','single','ports_mapping:\n  port_mapping_0:\n    container_port: 8080\n    host_port: 8080\n  port_mapping_1:\n    container_port: 4242\n    host_port: 4242\n  port_mapping_2:\n    container_port: 4245\n    host_port: 4245\n  port_mapping_3:\n    container_port: 7199\n    host_port: 7199\n  port_mapping_4:\n    container_port: 7000\n    host_port: 7000\n  port_mapping_5:\n    container_port: 7001\n    host_port: 7001\n  port_mapping_6:\n    container_port: 9160\n    host_port: 9160\n  port_mapping_7:\n    container_port: 9042\n    host_port: 9042\n  port_mapping_8:\n    container_port: 8012\n    host_port: 8012\n  port_mapping_9:\n    container_port: 61621\n    host_port: 61621\n','monitoring_server_image:\n  file: salmant/salman_monitoring_server_container_image\n  repository: SWITCH_docker_hub\n  type: tosca.artifacts.Deployment.Image.Container.Docker\n','2017-06-09 09:28:29.996173','2017-06-09 09:45:33.217385',619,186,229,70),(749,'f15caf2203c74fbda5ab7d77e9c01965','hw_requirement','single','host:\n  cpu_frequency: 1.2\n  disk_size: 20\n  mem_size: 4\n  num_cpus: 1\nos:\n  architecture: x86_64\n  distribution: ubuntu\n  os_version: 16.04\n  type: linux\n','','2017-06-09 09:28:30.086469','2017-06-09 09:45:33.166310',663,286,229,8),(750,'3662111775c34672b97e7dda6ee9dfff','qos_constraint','single','QoS:\n  response_time: 50','','2017-06-09 09:28:30.255022','2017-06-09 09:45:33.185496',667,86,229,6),(751,'53154241caf644ab8d0b936d76b56aba','hw_requirement','single','host:\n  cpu_frequency: SET_ITS_VALUE\n  disk_size: SET_ITS_VALUE\n  mem_size: SET_ITS_VALUE\n  num_cpus: SET_ITS_VALUE\nos:\n  architecture: x86_64\n  distribution: ubuntu\n  os_version: 16.04\n  type: linux\n','','2017-06-09 09:29:00.284432','2017-06-09 09:29:00.428990',530,322,225,8),(752,'f4a2ecffd833419daa76ded3cf4da74c','qos_constraint','single','QoS:\n  response_time: SET_ITS_VALUE','','2017-06-09 09:29:03.411008','2017-06-09 09:29:03.588197',746,220,225,6),(753,'f0de71a7c03047a7833da42a8ed03a22','adaptation_policy','single','','','2017-06-09 09:29:08.017830','2017-06-09 09:29:08.050789',670,100,225,7),(754,'9d97896e33224791a423c52832f13172','monitoring_agent','single','agent_id: null\nprobes:\n  CPU_Probe:\n    active: true\n    metrics:\n      cpuIOwait_metric:\n        name: cpuIOwait\n        type: double\n        unit: \'%\'\n      cpuIdle_metric:\n        name: cpuIdle\n        type: double\n        unit: \'%\'\n      cpuSystem_metric:\n        name: cpuSystem\n        type: double\n        unit: \'%\'\n      cpuTotal_metric:\n        name: cpuTotal\n        thresholds:\n          threshold_0:\n            operator: greater_than\n            value: 80\n          threshold_1:\n            operator: less_than\n            value: 20\n        type: double\n        unit: \'%\'\n      cpuUser_metric:\n        name: cpuUser\n        type: double\n        unit: \'%\'\n    name: CPU\n    static: false\n  DiskStats_Probe:\n    active: true\n    metrics:\n      iotime_metric:\n        name: iotime\n        thresholds:\n          threshold_0:\n            operator: greater_than\n            value: 60\n        type: double\n        unit: \'%\'\n      readkbps_metric:\n        name: readkbps\n        type: double\n        unit: KB/s\n      writekbps_metric:\n        name: writekbps\n        type: double\n        unit: KB/s\n    name: DiskStats\n    static: false\n  Disk_Probe:\n    active: true\n    metrics:\n      diskFree_metric:\n        name: diskFree\n        thresholds:\n          threshold_0:\n            operator: greater_than\n            value: 500\n        type: long\n        unit: MB\n      diskTotal_metric:\n        name: diskTotal\n        type: long\n        unit: MB\n    name: Disk\n    static: false\n  Memory_Probe:\n    active: true\n    metrics:\n      memCache_metric:\n        name: memCache\n        type: integer\n        unit: KB\n      memFree_metric:\n        name: memFree\n        type: integer\n        unit: KB\n      memSwapFree_metric:\n        name: memSwapFree\n        type: integer\n        unit: KB\n      memSwapTotal_metric:\n        name: memSwapTotal\n        type: integer\n        unit: KB\n      memTotal_metric:\n        name: memTotal\n        thresholds: null\n        type: integer\n        unit: KB\n      memUsedPercent_metric:\n        name: memUsedPercent\n        thresholds:\n          threshold_0:\n            operator: greater_than\n            value: 80\n          threshold_1:\n            operator: less_than\n            value: 20\n        type: double\n        unit: \'%\'\n      memUsed_metric:\n        name: memUsed\n        type: integer\n        unit: KB\n    name: Memory\n    static: false\n  Network_Probe:\n    active: true\n    metrics:\n      netBytesIN_metric:\n        name: netBytesIN\n        type: double\n        unit: bytes/s\n      netBytesOUT_metric:\n        name: netBytesOUT\n        type: double\n        unit: bytes/s\n      netPacketsIN_metric:\n        name: netPacketsIN\n        type: double\n        unit: bytes/s\n      netPacketsOUT_metric:\n        name: netPacketsOUT\n        type: double\n        unit: bytes/s\n    name: Network\n    static: false\n  StaticInfo_Probe:\n    active: true\n    metrics:\n      arch_metric:\n        name: arch\n        type: string\n        btime_metric:\n        name: btime\n        type: string\n      cpuNum_metric:\n        name: cpuNum\n        type: string\n      os_metric:\n        name: os\n        type: string\n    name: StaticInfo\n    static: true','','2017-06-09 09:29:11.240316','2017-06-09 09:29:11.300186',538,44,225,5),(755,'cefabd746dcc4339aeff5f1f97672f89','hw_requirement','single','host:\n  cpu_frequency: SET_ITS_VALUE\n  disk_size: SET_ITS_VALUE\n  mem_size: SET_ITS_VALUE\n  num_cpus: SET_ITS_VALUE\nos:\n  architecture: x86_64\n  distribution: ubuntu\n  os_version: 16.04\n  type: linux\n','','2017-06-09 09:29:33.268387','2017-06-09 09:29:33.362944',608,282,226,8),(756,'ac50e1aa73ce4842b8fd675f202a3acd','qos_constraint','single','QoS:\n  response_time: SET_ITS_VALUE','','2017-06-09 09:29:36.208624','2017-06-09 09:29:36.215982',683,142,226,6),(757,'94eb2c024d744ed084883a21384ab7c0','adaptation_policy','single','','','2017-06-09 09:29:41.959735','2017-06-09 09:29:41.985621',606,88,226,7),(758,'0ac4889a1fa84dec9a99a79dad91388b','monitoring_agent','single','agent_id: null\nprobes:\n  CPU_Probe:\n    active: true\n    metrics:\n      cpuIOwait_metric:\n        name: cpuIOwait\n        type: double\n        unit: \'%\'\n      cpuIdle_metric:\n        name: cpuIdle\n        type: double\n        unit: \'%\'\n      cpuSystem_metric:\n        name: cpuSystem\n        type: double\n        unit: \'%\'\n      cpuTotal_metric:\n        name: cpuTotal\n        thresholds:\n          threshold_0:\n            operator: greater_than\n            value: 80\n          threshold_1:\n            operator: less_than\n            value: 20\n        type: double\n        unit: \'%\'\n      cpuUser_metric:\n        name: cpuUser\n        type: double\n        unit: \'%\'\n    name: CPU\n    static: false\n  DiskStats_Probe:\n    active: true\n    metrics:\n      iotime_metric:\n        name: iotime\n        thresholds:\n          threshold_0:\n            operator: greater_than\n            value: 60\n        type: double\n        unit: \'%\'\n      readkbps_metric:\n        name: readkbps\n        type: double\n        unit: KB/s\n      writekbps_metric:\n        name: writekbps\n        type: double\n        unit: KB/s\n    name: DiskStats\n    static: false\n  Disk_Probe:\n    active: true\n    metrics:\n      diskFree_metric:\n        name: diskFree\n        thresholds:\n          threshold_0:\n            operator: greater_than\n            value: 500\n        type: long\n        unit: MB\n      diskTotal_metric:\n        name: diskTotal\n        type: long\n        unit: MB\n    name: Disk\n    static: false\n  Memory_Probe:\n    active: true\n    metrics:\n      memCache_metric:\n        name: memCache\n        type: integer\n        unit: KB\n      memFree_metric:\n        name: memFree\n        type: integer\n        unit: KB\n      memSwapFree_metric:\n        name: memSwapFree\n        type: integer\n        unit: KB\n      memSwapTotal_metric:\n        name: memSwapTotal\n        type: integer\n        unit: KB\n      memTotal_metric:\n        name: memTotal\n        thresholds: null\n        type: integer\n        unit: KB\n      memUsedPercent_metric:\n        name: memUsedPercent\n        thresholds:\n          threshold_0:\n            operator: greater_than\n            value: 80\n          threshold_1:\n            operator: less_than\n            value: 20\n        type: double\n        unit: \'%\'\n      memUsed_metric:\n        name: memUsed\n        type: integer\n        unit: KB\n    name: Memory\n    static: false\n  Network_Probe:\n    active: true\n    metrics:\n      netBytesIN_metric:\n        name: netBytesIN\n        type: double\n        unit: bytes/s\n      netBytesOUT_metric:\n        name: netBytesOUT\n        type: double\n        unit: bytes/s\n      netPacketsIN_metric:\n        name: netPacketsIN\n        type: double\n        unit: bytes/s\n      netPacketsOUT_metric:\n        name: netPacketsOUT\n        type: double\n        unit: bytes/s\n    name: Network\n    static: false\n  StaticInfo_Probe:\n    active: true\n    metrics:\n      arch_metric:\n        name: arch\n        type: string\n        btime_metric:\n        name: btime\n        type: string\n      cpuNum_metric:\n        name: cpuNum\n        type: string\n      os_metric:\n        name: os\n        type: string\n    name: StaticInfo\n    static: true','','2017-06-09 09:29:45.317919','2017-06-09 09:29:45.344091',538,34,226,5),(759,'7eae2ad0ec35499d897413a0e5ede82f','hw_requirement','single','host:\n  cpu_frequency: SET_ITS_VALUE\n  disk_size: SET_ITS_VALUE\n  mem_size: SET_ITS_VALUE\n  num_cpus: SET_ITS_VALUE\nos:\n  architecture: x86_64\n  distribution: ubuntu\n  os_version: 16.04\n  type: linux\n','','2017-06-09 09:30:07.251209','2017-06-09 09:30:26.855175',564,296,227,8),(760,'d34ce0525b394e7ba54ff4e2239874ae','qos_constraint','single','QoS:\n  response_time: SET_ITS_VALUE','','2017-06-09 09:30:09.776104','2017-06-09 09:30:26.867547',710,221,227,6),(761,'8a675e4943c749289cde05a6c853e25a','monitoring_agent','single','agent_id: null\nprobes:\n  CPU_Probe:\n    active: true\n    metrics:\n      cpuIOwait_metric:\n        name: cpuIOwait\n        type: double\n        unit: \'%\'\n      cpuIdle_metric:\n        name: cpuIdle\n        type: double\n        unit: \'%\'\n      cpuSystem_metric:\n        name: cpuSystem\n        type: double\n        unit: \'%\'\n      cpuTotal_metric:\n        name: cpuTotal\n        thresholds:\n          threshold_0:\n            operator: greater_than\n            value: 80\n          threshold_1:\n            operator: less_than\n            value: 20\n        type: double\n        unit: \'%\'\n      cpuUser_metric:\n        name: cpuUser\n        type: double\n        unit: \'%\'\n    name: CPU\n    static: false\n  DiskStats_Probe:\n    active: true\n    metrics:\n      iotime_metric:\n        name: iotime\n        thresholds:\n          threshold_0:\n            operator: greater_than\n            value: 60\n        type: double\n        unit: \'%\'\n      readkbps_metric:\n        name: readkbps\n        type: double\n        unit: KB/s\n      writekbps_metric:\n        name: writekbps\n        type: double\n        unit: KB/s\n    name: DiskStats\n    static: false\n  Disk_Probe:\n    active: true\n    metrics:\n      diskFree_metric:\n        name: diskFree\n        thresholds:\n          threshold_0:\n            operator: greater_than\n            value: 500\n        type: long\n        unit: MB\n      diskTotal_metric:\n        name: diskTotal\n        type: long\n        unit: MB\n    name: Disk\n    static: false\n  Memory_Probe:\n    active: true\n    metrics:\n      memCache_metric:\n        name: memCache\n        type: integer\n        unit: KB\n      memFree_metric:\n        name: memFree\n        type: integer\n        unit: KB\n      memSwapFree_metric:\n        name: memSwapFree\n        type: integer\n        unit: KB\n      memSwapTotal_metric:\n        name: memSwapTotal\n        type: integer\n        unit: KB\n      memTotal_metric:\n        name: memTotal\n        thresholds: null\n        type: integer\n        unit: KB\n      memUsedPercent_metric:\n        name: memUsedPercent\n        thresholds:\n          threshold_0:\n            operator: greater_than\n            value: 80\n          threshold_1:\n            operator: less_than\n            value: 20\n        type: double\n        unit: \'%\'\n      memUsed_metric:\n        name: memUsed\n        type: integer\n        unit: KB\n    name: Memory\n    static: false\n  Network_Probe:\n    active: true\n    metrics:\n      netBytesIN_metric:\n        name: netBytesIN\n        type: double\n        unit: bytes/s\n      netBytesOUT_metric:\n        name: netBytesOUT\n        type: double\n        unit: bytes/s\n      netPacketsIN_metric:\n        name: netPacketsIN\n        type: double\n        unit: bytes/s\n      netPacketsOUT_metric:\n        name: netPacketsOUT\n        type: double\n        unit: bytes/s\n    name: Network\n    static: false\n  StaticInfo_Probe:\n    active: true\n    metrics:\n      arch_metric:\n        name: arch\n        type: string\n        btime_metric:\n        name: btime\n        type: string\n      cpuNum_metric:\n        name: cpuNum\n        type: string\n      os_metric:\n        name: os\n        type: string\n    name: StaticInfo\n    static: true','','2017-06-09 09:30:15.530741','2017-06-09 09:30:27.034793',546,56,227,5),(762,'663c4af8722b4038a9c18b053de55b04','adaptation_policy','single','','','2017-06-09 09:30:20.010168','2017-06-09 09:30:27.013834',673,119,227,7),(763,'e4e13949e21f481db381567118e0a8cc','hw_requirement','single','host:\n  cpu_frequency: SET_ITS_VALUE\n  disk_size: SET_ITS_VALUE\n  mem_size: SET_ITS_VALUE\n  num_cpus: SET_ITS_VALUE\nos:\n  architecture: x86_64\n  distribution: ubuntu\n  os_version: 16.04\n  type: linux\n','','2017-06-09 09:30:52.103816','2017-06-09 09:30:52.153682',547,304,228,8),(764,'3ea770c4094642d3a0a8f11eec490549','qos_constraint','single','QoS:\n  response_time: SET_ITS_VALUE','','2017-06-09 09:30:54.919971','2017-06-09 09:30:54.929855',790,210,228,6),(765,'37f7693b1bbb4a18b7bc76ca29cd94e1','adaptation_policy','single','','','2017-06-09 09:30:59.404646','2017-06-09 09:30:59.411723',666,108,228,7),(766,'892caeda1cb6432e8e5c04891efcbe20','monitoring_agent','single','agent_id: null\nprobes:\n  CPU_Probe:\n    active: true\n    metrics:\n      cpuIOwait_metric:\n        name: cpuIOwait\n        type: double\n        unit: \'%\'\n      cpuIdle_metric:\n        name: cpuIdle\n        type: double\n        unit: \'%\'\n      cpuSystem_metric:\n        name: cpuSystem\n        type: double\n        unit: \'%\'\n      cpuTotal_metric:\n        name: cpuTotal\n        thresholds:\n          threshold_0:\n            operator: greater_than\n            value: 80\n          threshold_1:\n            operator: less_than\n            value: 20\n        type: double\n        unit: \'%\'\n      cpuUser_metric:\n        name: cpuUser\n        type: double\n        unit: \'%\'\n    name: CPU\n    static: false\n  DiskStats_Probe:\n    active: true\n    metrics:\n      iotime_metric:\n        name: iotime\n        thresholds:\n          threshold_0:\n            operator: greater_than\n            value: 60\n        type: double\n        unit: \'%\'\n      readkbps_metric:\n        name: readkbps\n        type: double\n        unit: KB/s\n      writekbps_metric:\n        name: writekbps\n        type: double\n        unit: KB/s\n    name: DiskStats\n    static: false\n  Disk_Probe:\n    active: true\n    metrics:\n      diskFree_metric:\n        name: diskFree\n        thresholds:\n          threshold_0:\n            operator: greater_than\n            value: 500\n        type: long\n        unit: MB\n      diskTotal_metric:\n        name: diskTotal\n        type: long\n        unit: MB\n    name: Disk\n    static: false\n  Memory_Probe:\n    active: true\n    metrics:\n      memCache_metric:\n        name: memCache\n        type: integer\n        unit: KB\n      memFree_metric:\n        name: memFree\n        type: integer\n        unit: KB\n      memSwapFree_metric:\n        name: memSwapFree\n        type: integer\n        unit: KB\n      memSwapTotal_metric:\n        name: memSwapTotal\n        type: integer\n        unit: KB\n      memTotal_metric:\n        name: memTotal\n        thresholds: null\n        type: integer\n        unit: KB\n      memUsedPercent_metric:\n        name: memUsedPercent\n        thresholds:\n          threshold_0:\n            operator: greater_than\n            value: 80\n          threshold_1:\n            operator: less_than\n            value: 20\n        type: double\n        unit: \'%\'\n      memUsed_metric:\n        name: memUsed\n        type: integer\n        unit: KB\n    name: Memory\n    static: false\n  Network_Probe:\n    active: true\n    metrics:\n      netBytesIN_metric:\n        name: netBytesIN\n        type: double\n        unit: bytes/s\n      netBytesOUT_metric:\n        name: netBytesOUT\n        type: double\n        unit: bytes/s\n      netPacketsIN_metric:\n        name: netPacketsIN\n        type: double\n        unit: bytes/s\n      netPacketsOUT_metric:\n        name: netPacketsOUT\n        type: double\n        unit: bytes/s\n    name: Network\n    static: false\n  StaticInfo_Probe:\n    active: true\n    metrics:\n      arch_metric:\n        name: arch\n        type: string\n        btime_metric:\n        name: btime\n        type: string\n      cpuNum_metric:\n        name: cpuNum\n        type: string\n      os_metric:\n        name: os\n        type: string\n    name: StaticInfo\n    static: true','','2017-06-09 09:31:02.646624','2017-06-09 09:31:02.775377',578,22,228,5),(789,'eb28772692d84966bb464e1dbf89105e','WebServer','single','','jitsimeet_docker_image:\n  file: null\n  repository: SWITCH_docker_hub\n  type: tosca.artifacts.Deployment.Image.Container.Docker','2017-06-20 09:50:01.134865','2017-06-20 09:50:01.134949',623,125,231,178),(790,'c5bd389d0af74d6590abf060c26a9155','Jicofo','single','deploy: SET_ITS_VALUE\nips: SET_ITS_VALUE\nports_mapping:\n  port_mapping_0:\n    container_port: SET_ITS_VALUE\n    host_port: SET_ITS_VALUE\n  port_mapping_1:\n    container_port: SET_ITS_VALUE\n    host_port: SET_ITS_VALUE\n  port_mapping_2:\n    container_port: SET_ITS_VALUE\n    host_port: SET_ITS_VALUE','jitsimeet_docker_image:\n  file: null\n  repository: SWITCH_docker_hub\n  type: tosca.artifacts.Deployment.Image.Container.Docker','2017-06-20 09:50:01.154594','2017-06-20 09:50:01.154638',978,125,231,178),(791,'7c4ac930aff943b4b35a66de927e4a65','Prosody','single','deploy: SET_ITS_VALUE\nips: SET_ITS_VALUE\nports_mapping:\n  port_mapping_0:\n    container_port: SET_ITS_VALUE\n    host_port: SET_ITS_VALUE\n  port_mapping_1:\n    container_port: SET_ITS_VALUE\n    host_port: SET_ITS_VALUE\n  port_mapping_2:\n    container_port: SET_ITS_VALUE\n    host_port: SET_ITS_VALUE','jitsimeet_docker_image:\n  file: null\n  repository: SWITCH_docker_hub\n  type: tosca.artifacts.Deployment.Image.Container.Docker','2017-06-20 09:50:01.187907','2017-06-20 09:50:01.187951',579,343,231,178),(792,'c70f74f0b3f34232ba0a7ffc422f30a9','Videobridge','single','deploy: SET_ITS_VALUE\nips: SET_ITS_VALUE\nports_mapping:\n  port_mapping_0:\n    container_port: SET_ITS_VALUE\n    host_port: SET_ITS_VALUE\n  port_mapping_1:\n    container_port: SET_ITS_VALUE\n    host_port: SET_ITS_VALUE\n  port_mapping_2:\n    container_port: SET_ITS_VALUE\n    host_port: SET_ITS_VALUE','jitsimeet_docker_image:\n  file: null\n  repository: SWITCH_docker_hub\n  type: tosca.artifacts.Deployment.Image.Container.Docker','2017-06-20 09:50:01.205036','2017-06-20 09:50:01.205075',989,350,231,178),(794,'7cacc2bd96af410fbfaa12017d05f579','dave','single','dave: SET_ITS_VALUE\nports_mapping:\n  port_mapping_0:\n    container_port: SET_ITS_VALUE\n    host_port: SET_ITS_VALUE\n  port_mapping_1:\n    container_port: SET_ITS_VALUE\n    host_port: SET_ITS_VALUE\n  port_mapping_2:\n    container_port: SET_ITS_VALUE\n    host_port: SET_ITS_VALUE\n','dave_image:\n  file: dave\n  repository: SWITCH_docker_hub\n  type: tosca.artifacts.Deployment.Image.Container.Docker\n','2017-06-22 12:30:46.852000','2017-06-23 15:46:01.402000',622,213,233,233),(796,'ab77373e8fce4ac6805aba0bbb7976ca','hw_requirement','single','host:\n  cpu_frequency: SET_ITS_VALUE\n  disk_size: SET_ITS_VALUE\n  mem_size: SET_ITS_VALUE\n  num_cpus: SET_ITS_VALUE\nos:\n  architecture: x86_64\n  distribution: ubuntu\n  os_version: 16.04\n  type: linux\n','','2017-06-22 13:00:19.897000','2017-06-23 15:46:01.251000',770,119,233,8),(798,'1dae7cd7eaab4584ad32f020b2685b61','qos_constraint','single','QoS:\n  response_time: SET_ITS_VALUE','','2017-06-22 13:22:40.030000','2017-06-23 15:46:01.283000',577,128,233,6),(800,'37b3796ba63b47f0a5b501a9ca0a096d','dst','single','ports_mapping:\n  port_mapping_0:\n    container_port: 8080\n    host_port: 8080\n  port_mapping_1:\n    container_port: 4242\n    host_port: 4242\n  port_mapping_2:\n    container_port: 4245\n    host_port: 4245\n  port_mapping_3:\n    container_port: 7199\n    host_port: 7199\n  port_mapping_4:\n    container_port: 7000\n    host_port: 7000\n  port_mapping_5:\n    container_port: 7001\n    host_port: 7001\n  port_mapping_6:\n    container_port: 9160\n    host_port: 9160\n  port_mapping_7:\n    container_port: 9042\n    host_port: 9042\n  port_mapping_8:\n    container_port: 8012\n    host_port: 8012\n  port_mapping_9:\n    container_port: 61621\n    host_port: 61621\n','monitoring_server_image:\n  file: salmant/salman_monitoring_server_container_image\n  repository: SWITCH_docker_hub\n  type: tosca.artifacts.Deployment.Image.Container.Docker\n','2017-06-22 13:25:56.115000','2017-06-22 13:56:15.455000',430,322,233,25),(801,'ab0e766adb5e42e28abe16c9d3b80ac4','adaptation_policy','single','data: enter metadata as YAML','','2017-06-22 13:27:28.562000','2017-06-22 13:56:15.431000',799,362,233,7),(811,'becc7f24903a45e0b9bc595846cd92f6','dst','single','ports_mapping:\n  port_mapping_0:\n    container_port: 8080\n    host_port: 8080\n  port_mapping_1:\n    container_port: 4242\n    host_port: 4242\n  port_mapping_2:\n    container_port: 4245\n    host_port: 4245\n  port_mapping_3:\n    container_port: 7199\n    host_port: 7199\n  port_mapping_4:\n    container_port: 7000\n    host_port: 7000\n  port_mapping_5:\n    container_port: 7001\n    host_port: 7001\n  port_mapping_6:\n    container_port: 9160\n    host_port: 9160\n  port_mapping_7:\n    container_port: 9042\n    host_port: 9042\n  port_mapping_8:\n    container_port: 8012\n    host_port: 8012\n  port_mapping_9:\n    container_port: 61621\n    host_port: 61621\n','monitoring_server_image:\n  file: salmant/salman_monitoring_server_container_image\n  repository: SWITCH_docker_hub\n  type: tosca.artifacts.Deployment.Image.Container.Docker\n','2017-06-23 15:45:53.662000','2017-06-23 15:46:01.314000',567,312,233,25),(812,'eda2da5c08df44a991316c637f5d6c4f','Monitoring','single','ports_mapping:\n  port_mapping_0:\n    container_port: SET_ITS_VALUE\n    host_port: SET_ITS_VALUE\n  port_mapping_1:\n    container_port: SET_ITS_VALUE\n    host_port: SET_ITS_VALUE\n  port_mapping_2:\n    container_port: SET_ITS_VALUE\n    host_port: SET_ITS_VALUE\n','','2017-06-23 15:46:37.659000','2017-06-23 15:47:20.070000',1123,364,127,229),(813,'e83903b1f5c64d22b4e33847d6662726','monitoring_server','single','ports_mapping:\n  port_mapping_0:\n    container_port: 8080\n    host_port: 8080\n  port_mapping_1:\n    container_port: 4242\n    host_port: 4242\n  port_mapping_2:\n    container_port: 4245\n    host_port: 4245\n  port_mapping_3:\n    container_port: 7199\n    host_port: 7199\n  port_mapping_4:\n    container_port: 7000\n    host_port: 7000\n  port_mapping_5:\n    container_port: 7001\n    host_port: 7001\n  port_mapping_6:\n    container_port: 9160\n    host_port: 9160\n  port_mapping_7:\n    container_port: 9042\n    host_port: 9042\n  port_mapping_8:\n    container_port: 8012\n    host_port: 8012\n  port_mapping_9:\n    container_port: 61621\n    host_port: 61621\n','monitoring_server_image:\n  file: salmant/salman_monitoring_server_container_image\n  repository: SWITCH_docker_hub\n  type: tosca.artifacts.Deployment.Image.Container.Docker\n','2017-06-23 15:46:37.722000','2017-06-23 15:47:20.199000',1288,347,127,70),(814,'0fb57c6e7e5a4a99a1a17bae51d8011b','hw_requirement','single','host:\n  cpu_frequency: 1.2\n  disk_size: 20\n  mem_size: 4\n  num_cpus: 1\nos:\n  architecture: x86_64\n  distribution: ubuntu\n  os_version: 16.04\n  type: linux\n','','2017-06-23 15:46:37.762000','2017-06-23 15:47:20.358000',1332,447,127,8),(815,'915f48900145457bba0066bde553c825','qos_constraint','single','QoS:\n  response_time: 50','','2017-06-23 15:46:37.821000','2017-06-23 15:47:20.526000',1336,247,127,6),(816,'940a63b92484431caed3d84c5fce96ab','Notification Server','single','ports_mapping:\n  port_mapping_0:\n    container_port: SET_ITS_VALUE\n    host_port: SET_ITS_VALUE\n  port_mapping_1:\n    container_port: SET_ITS_VALUE\n    host_port: SET_ITS_VALUE\n  port_mapping_2:\n    container_port: SET_ITS_VALUE\n    host_port: SET_ITS_VALUE\n','','2017-06-23 15:46:49.654000','2017-06-23 15:47:21.979000',1113,85,127,228),(817,'a1fd3814a15149ffb761bb9ad060cb7b','hw_requirement','single','host:\n  cpu_frequency: SET_ITS_VALUE\n  disk_size: SET_ITS_VALUE\n  mem_size: SET_ITS_VALUE\n  num_cpus: SET_ITS_VALUE\nos:\n  architecture: x86_64\n  distribution: ubuntu\n  os_version: 16.04\n  type: linux\n','','2017-06-23 15:46:49.729000','2017-06-23 15:47:21.821000',1319,171,127,8),(818,'1147351970f04f3596fd502cce5b64e3','qos_constraint','single','QoS:\n  response_time: SET_ITS_VALUE','','2017-06-23 15:46:49.790000','2017-06-23 15:47:20.657000',1676,281,127,6),(819,'04f199a69288474a9ae64fcd5b171161','adaptation_policy','single','','','2017-06-23 15:46:49.840000','2017-06-23 15:47:21.898000',1310,82,127,7),(822,'9f9bd1d5ed674702b4f13136eb6aa4a4','dst','single','ports_mapping:\n  port_mapping_0:\n    container_port: 8080\n    host_port: 8080\n  port_mapping_1:\n    container_port: 4242\n    host_port: 4242\n  port_mapping_2:\n    container_port: 4245\n    host_port: 4245\n  port_mapping_3:\n    container_port: 7199\n    host_port: 7199\n  port_mapping_4:\n    container_port: 7000\n    host_port: 7000\n  port_mapping_5:\n    container_port: 7001\n    host_port: 7001\n  port_mapping_6:\n    container_port: 9160\n    host_port: 9160\n  port_mapping_7:\n    container_port: 9042\n    host_port: 9042\n  port_mapping_8:\n    container_port: 8012\n    host_port: 8012\n  port_mapping_9:\n    container_port: 61621\n    host_port: 61621\n','monitoring_server_image:\n  file: salmant/salman_monitoring_server_container_image\n  repository: SWITCH_docker_hub\n  type: tosca.artifacts.Deployment.Image.Container.Docker\n','2017-07-12 11:07:56.044768','2017-07-14 15:52:20.349952',654,295,178,25),(825,'f0b87fc75a2f4acf9345a1707401bae8','Virtual Machine','single','OStype: SET_ITS_VALUE\ndomain: SET_ITS_VALUE\ninstallation: SET_ITS_VALUE\nnodetype: SET_ITS_VALUE\npublic_address: SET_ITS_VALUE\nrole: SET_ITS_VALUE\nscript: SET_ITS_VALUE','','2017-07-16 15:41:33.255535','2017-08-20 17:50:15.750647',453,223,196,30),(826,'796a713f37444c238a49c9f0ad9b4d98','SDN router','single','name: SET_ITS_VALUE\nnetmask: 255.255.255.0\nsubnet: 192.168.10.0','','2017-07-16 15:41:36.130061','2017-08-20 17:50:15.738879',313,223,196,31),(827,'ef8857cbbe55416780515cc1afdaa80b','dst','single','ports_mapping:\n  port_mapping_0:\n    container_port: 8080\n    host_port: 8080\n  port_mapping_1:\n    container_port: 4242\n    host_port: 4242\n  port_mapping_2:\n    container_port: 4245\n    host_port: 4245\n  port_mapping_3:\n    container_port: 7199\n    host_port: 7199\n  port_mapping_4:\n    container_port: 7000\n    host_port: 7000\n  port_mapping_5:\n    container_port: 7001\n    host_port: 7001\n  port_mapping_6:\n    container_port: 9160\n    host_port: 9160\n  port_mapping_7:\n    container_port: 9042\n    host_port: 9042\n  port_mapping_8:\n    container_port: 8012\n    host_port: 8012\n  port_mapping_9:\n    container_port: 61621\n    host_port: 61621\n','monitoring_server_image:\n  file: salmant/salman_monitoring_server_container_image\n  repository: SWITCH_docker_hub\n  type: tosca.artifacts.Deployment.Image.Container.Docker\n','2017-07-16 15:41:40.963537','2017-08-20 17:50:15.727315',417,118,196,25),(828,'82cfd81c2b0845df9552e943bf363005','hw_requirement','single','host:\n  cpu_frequency: SET_ITS_VALUE\n  disk_size: SET_ITS_VALUE\n  mem_size: SET_ITS_VALUE\n  num_cpus: SET_ITS_VALUE\nos:\n  architecture: x86_64\n  distribution: ubuntu\n  os_version: 16.04\n  type: linux\n','','2017-07-16 15:41:42.659918','2017-08-20 17:50:15.634255',851,388,196,8),(829,'7388a788a8c94fa281523d15802bf346','adaptation_policy','single','data: enter metadata as YAML','','2017-07-16 15:41:44.949153','2017-08-20 17:50:15.762675',395,352,196,7),(830,'d62665c355a247ac9936f1dd6d7afe12','qos_constraint','single','QoS:\n  response_time: SET_ITS_VALUE','','2017-07-16 15:41:46.878335','2017-08-20 17:50:15.660460',956,104,196,6),(831,'60ddb4fd5b04444da9e0ff5202e57523','monitoring_agent','single','agent_id: null\nprobes:\n  CPU_Probe:\n    active: true\n    metrics:\n      cpuIOwait_metric:\n        name: cpuIOwait\n        type: double\n        unit: \'%\'\n      cpuIdle_metric:\n        name: cpuIdle\n        type: double\n        unit: \'%\'\n      cpuSystem_metric:\n        name: cpuSystem\n        type: double\n        unit: \'%\'\n      cpuTotal_metric:\n        name: cpuTotal\n        thresholds:\n          threshold_0:\n            operator: greater_than\n            value: 80\n          threshold_1:\n            operator: less_than\n            value: 20\n        type: double\n        unit: \'%\'\n      cpuUser_metric:\n        name: cpuUser\n        type: double\n        unit: \'%\'\n    name: CPU\n    static: false\n  DiskStats_Probe:\n    active: true\n    metrics:\n      iotime_metric:\n        name: iotime\n        thresholds:\n          threshold_0:\n            operator: greater_than\n            value: 60\n        type: double\n        unit: \'%\'\n      readkbps_metric:\n        name: readkbps\n        type: double\n        unit: KB/s\n      writekbps_metric:\n        name: writekbps\n        type: double\n        unit: KB/s\n    name: DiskStats\n    static: false\n  Disk_Probe:\n    active: true\n    metrics:\n      diskFree_metric:\n        name: diskFree\n        thresholds:\n          threshold_0:\n            operator: greater_than\n            value: 500\n        type: long\n        unit: MB\n      diskTotal_metric:\n        name: diskTotal\n        type: long\n        unit: MB\n    name: Disk\n    static: false\n  Memory_Probe:\n    active: true\n    metrics:\n      memCache_metric:\n        name: memCache\n        type: integer\n        unit: KB\n      memFree_metric:\n        name: memFree\n        type: integer\n        unit: KB\n      memSwapFree_metric:\n        name: memSwapFree\n        type: integer\n        unit: KB\n      memSwapTotal_metric:\n        name: memSwapTotal\n        type: integer\n        unit: KB\n      memTotal_metric:\n        name: memTotal\n        thresholds: null\n        type: integer\n        unit: KB\n      memUsedPercent_metric:\n        name: memUsedPercent\n        thresholds:\n          threshold_0:\n            operator: greater_than\n            value: 80\n          threshold_1:\n            operator: less_than\n            value: 20\n        type: double\n        unit: \'%\'\n      memUsed_metric:\n        name: memUsed\n        type: integer\n        unit: KB\n    name: Memory\n    static: false\n  Network_Probe:\n    active: true\n    metrics:\n      netBytesIN_metric:\n        name: netBytesIN\n        type: double\n        unit: bytes/s\n      netBytesOUT_metric:\n        name: netBytesOUT\n        type: double\n        unit: bytes/s\n      netPacketsIN_metric:\n        name: netPacketsIN\n        type: double\n        unit: bytes/s\n      netPacketsOUT_metric:\n        name: netPacketsOUT\n        type: double\n        unit: bytes/s\n    name: Network\n    static: false\n  StaticInfo_Probe:\n    active: true\n    metrics:\n      arch_metric:\n        name: arch\n        type: string\n        btime_metric:\n        name: btime\n        type: string\n      cpuNum_metric:\n        name: cpuNum\n        type: string\n      os_metric:\n        name: os\n        type: string\n    name: StaticInfo\n    static: true','','2017-07-16 15:41:51.239454','2017-08-20 17:50:15.673833',723,128,196,5),(832,'0df824bf23934b398a8163ae58f32574','monitoring_server','single','ports_mapping:\n  port_mapping_0:\n    container_port: 8080\n    host_port: 8080\n  port_mapping_1:\n    container_port: 4242\n    host_port: 4242\n  port_mapping_2:\n    container_port: 4245\n    host_port: 4245\n  port_mapping_3:\n    container_port: 7199\n    host_port: 7199\n  port_mapping_4:\n    container_port: 7000\n    host_port: 7000\n  port_mapping_5:\n    container_port: 7001\n    host_port: 7001\n  port_mapping_6:\n    container_port: 9160\n    host_port: 9160\n  port_mapping_7:\n    container_port: 9042\n    host_port: 9042\n  port_mapping_8:\n    container_port: 8012\n    host_port: 8012\n  port_mapping_9:\n    container_port: 61621\n    host_port: 61621\n','monitoring_server_image:\n  file: salmant/salman_monitoring_server_container_image\n  repository: SWITCH_docker_hub\n  type: tosca.artifacts.Deployment.Image.Container.Docker\n','2017-07-16 15:43:20.441735','2017-08-20 17:50:15.714707',230,103,196,70),(835,'5794e32a84254f41914091666edb2f27','InputDistributor','single','inPort: 2000\nmulticastAddrIP: 255.2.2.0\nmulticastAddrPort: 3000\nports_mapping:\n  port_mapping_0:\n    container_port: 2000\n    host_port: 2000\nvideoHeight: 100\nvideoWidth: 170\nwaitingTime: 5','inputdistributor_image:\n  file: mogswitch/InputDistributor:1.0\n  repository: SWITCH_docker_hub\n  type: tosca.artifacts.Deployment.Image.Container.Docker','2017-07-16 16:21:58.508965','2017-08-08 11:02:57.318793',406,320,155,172),(836,'e3ea052bee1c405eae97b6da56aa8167','hw_requirement','single','host:\n  cpu_frequency: 1.5\n  disk_size: 80\n  mem_size: 16\n  num_cpus: 2\nos:\n  architecture: x86_64\n  distribution: ubuntu\n  os_version: 16.04\n  type: linux','','2017-07-16 16:21:58.532583','2017-08-08 11:02:57.355354',456,416,155,8),(837,'f9a2117008014b069adc94d1710122fa','qos_constraint','single','QoS:\n  response_time: 50','','2017-07-16 16:21:58.567391','2017-08-08 11:02:57.368271',516,233,155,6),(838,'56c3b90b197f4dfc86ded55cd3b19ca8','monitoring_agent','single','agent_id: null\nprobes:\n  CPU_Probe:\n    active: true\n    metrics:\n      cpuIOwait_metric:\n        name: cpuIOwait\n        type: double\n        unit: \'%\'\n      cpuIdle_metric:\n        name: cpuIdle\n        type: double\n        unit: \'%\'\n      cpuSystem_metric:\n        name: cpuSystem\n        type: double\n        unit: \'%\'\n      cpuTotal_metric:\n        name: cpuTotal\n        thresholds:\n          threshold_0:\n            operator: greater_than\n            value: 80\n          threshold_1:\n            operator: less_than\n            value: 20\n        type: double\n        unit: \'%\'\n      cpuUser_metric:\n        name: cpuUser\n        type: double\n        unit: \'%\'\n    name: CPU\n    static: false\n  DiskStats_Probe:\n    active: true\n    metrics:\n      iotime_metric:\n        name: iotime\n        thresholds:\n          threshold_0:\n            operator: greater_than\n            value: 60\n        type: double\n        unit: \'%\'\n      readkbps_metric:\n        name: readkbps\n        type: double\n        unit: KB/s\n      writekbps_metric:\n        name: writekbps\n        type: double\n        unit: KB/s\n    name: DiskStats\n    static: false\n  Disk_Probe:\n    active: true\n    metrics:\n      diskFree_metric:\n        name: diskFree\n        thresholds:\n          threshold_0:\n            operator: greater_than\n            value: 500\n        type: long\n        unit: MB\n      diskTotal_metric:\n        name: diskTotal\n        type: long\n        unit: MB\n    name: Disk\n    static: false\n  Memory_Probe:\n    active: true\n    metrics:\n      memCache_metric:\n        name: memCache\n        type: integer\n        unit: KB\n      memFree_metric:\n        name: memFree\n        type: integer\n        unit: KB\n      memSwapFree_metric:\n        name: memSwapFree\n        type: integer\n        unit: KB\n      memSwapTotal_metric:\n        name: memSwapTotal\n        type: integer\n        unit: KB\n      memTotal_metric:\n        name: memTotal\n        thresholds: null\n        type: integer\n        unit: KB\n      memUsedPercent_metric:\n        name: memUsedPercent\n        thresholds:\n          threshold_0:\n            operator: greater_than\n            value: 80\n          threshold_1:\n            operator: less_than\n            value: 20\n        type: double\n        unit: \'%\'\n      memUsed_metric:\n        name: memUsed\n        type: integer\n        unit: KB\n    name: Memory\n    static: false\n  Network_Probe:\n    active: true\n    metrics:\n      netBytesIN_metric:\n        name: netBytesIN\n        type: double\n        unit: bytes/s\n      netBytesOUT_metric:\n        name: netBytesOUT\n        type: double\n        unit: bytes/s\n      netPacketsIN_metric:\n        name: netPacketsIN\n        type: double\n        unit: bytes/s\n      netPacketsOUT_metric:\n        name: netPacketsOUT\n        type: double\n        unit: bytes/s\n    name: Network\n    static: false\n  StaticInfo_Probe:\n    active: true\n    metrics:\n      arch_metric:\n        name: arch\n        type: string\n        btime_metric:\n        name: btime\n        type: string\n      cpuNum_metric:\n        name: cpuNum\n        type: string\n      os_metric:\n        name: os\n        type: string\n    name: StaticInfo\n    static: true\n  AppLevel_Probe:\n    active: true\n    metrics:\n      output_frame_rate_metric:\n        name: output_frame_rate\n        thresholds:\n          threshold_0:\n            operator: less_than\n            value: 24\n        type: integer\n        unit: frames/s\n    name: AppLevel\n    path: \'/probes/app_level.jar\'\n    static: false','','2017-07-16 16:21:58.583430','2017-08-08 11:02:57.382162',389,233,155,5),(839,'914443bfaf8c4fc29ec81c3d73c2d59f','monitoring_server','single','ports_mapping:\n  port_mapping_0:\n    container_port: 8080\n    host_port: 8080\n  port_mapping_1:\n    container_port: 4242\n    host_port: 4242\n  port_mapping_2:\n    container_port: 4245\n    host_port: 4245\n  port_mapping_3:\n    container_port: 7199\n    host_port: 7199\n  port_mapping_4:\n    container_port: 7000\n    host_port: 7000\n  port_mapping_5:\n    container_port: 7001\n    host_port: 7001\n  port_mapping_6:\n    container_port: 9160\n    host_port: 9160\n  port_mapping_7:\n    container_port: 9042\n    host_port: 9042\n  port_mapping_8:\n    container_port: 8012\n    host_port: 8012\n  port_mapping_9:\n    container_port: 61621\n    host_port: 61621\n','monitoring_server_image:\n  file: salmant/salman_monitoring_server_container_image\n  repository: SWITCH_docker_hub\n  type: tosca.artifacts.Deployment.Image.Container.Docker\n','2017-07-16 16:22:50.799868','2017-07-16 19:57:58.860006',985,250,234,70),(840,'c8676b5613424949a75673c864c2e29f','hw_requirement','single','host:\n  cpu_frequency: 1.2\n  disk_size: 20\n  mem_size: 4\n  num_cpus: 1\nos:\n  architecture: x86_64\n  distribution: ubuntu\n  os_version: 16.04\n  type: linux\n','','2017-07-16 16:22:50.829016','2017-07-16 19:57:59.048137',990,176,234,8),(845,'c2f528be04e54259913d2b3df198b63e','dst','single','ports_mapping:\n  port_mapping_0:\n    container_port: 8080\n    host_port: 8080\n  port_mapping_1:\n    container_port: 4242\n    host_port: 4242\n  port_mapping_2:\n    container_port: 4245\n    host_port: 4245\n  port_mapping_3:\n    container_port: 7199\n    host_port: 7199\n  port_mapping_4:\n    container_port: 7000\n    host_port: 7000\n  port_mapping_5:\n    container_port: 7001\n    host_port: 7001\n  port_mapping_6:\n    container_port: 9160\n    host_port: 9160\n  port_mapping_7:\n    container_port: 9042\n    host_port: 9042\n  port_mapping_8:\n    container_port: 8012\n    host_port: 8012\n  port_mapping_9:\n    container_port: 61621\n    host_port: 61621\n','monitoring_server_image:\n  file: salmant/salman_monitoring_server_container_image\n  repository: SWITCH_docker_hub\n  type: tosca.artifacts.Deployment.Image.Container.Docker\n','2017-07-16 16:23:03.392939','2017-07-16 19:57:59.078595',-76,322,234,25),(863,'307fefa7ddc94e5ba57035c7a04bb07e','Switcher','single','Input_A_Uncompressed_Video_Multicast_Address: 225.2.2.0\nInput_A_Uncompressed_Video_Multicast_Port: 3000\nInput_B_Uncompressed_Video_Multicast_Address: 225.2.2.1\nInput_B_Uncompressed_Video_Multicast_Port: 3002\nInput_Video_Height: 100\nInput_Video_Width: 176\nOutput_REST_PORT: 8008\nOutput_Uncompressed_Video_Multicast_Address: 226.2.2.2\nOutput_Uncompressed_Video_Multicast_Port: 6000\nWaiting_Time: 5\nports_mapping:\n  port_mapping_0:\n    container_port: SET_ITS_VALUE\n    host_port: SET_ITS_VALUE\n  port_mapping_1:\n    container_port: SET_ITS_VALUE\n    host_port: SET_ITS_VALUE\n  port_mapping_2:\n    container_port: SET_ITS_VALUE\n    host_port: SET_ITS_VALUE','','2017-07-16 16:25:43.105354','2017-07-16 19:57:59.095385',998,331,234,200),(868,'fac3f227455e4035b7bf91f111902a00','InputDistributor','single','inPort: 2000\nmulticastAddrIP: 255.2.2.0\nmulticastAddrPort: 3000\nports_mapping:\n  port_mapping_0:\n    container_port: 2000\n    host_port: 2000\nvideoHeight: 100\nvideoWidth: 170\nwaitingTime: 5','inputdistributor_image:\n  file: mogswitch/InputDistributor:1.0\n  repository: SWITCH_docker_hub\n  type: tosca.artifacts.Deployment.Image.Container.Docker','2017-07-16 16:26:29.070938','2017-07-16 19:57:59.105511',564,340,234,172),(870,'d755d625902e4001aa9ac8a24df5b65c','qos_constraint','single','QoS:\n  response_time: 50','','2017-07-16 16:26:29.110519','2017-07-16 19:57:59.114893',506,268,234,6),(871,'6bb68e64b7d446e09adaa8a443cb3a5d','monitoring_agent','single','agent_id: null\nprobes:\n  CPU_Probe:\n    active: true\n    metrics:\n      cpuIOwait_metric:\n        name: cpuIOwait\n        type: double\n        unit: \'%\'\n      cpuIdle_metric:\n        name: cpuIdle\n        type: double\n        unit: \'%\'\n      cpuSystem_metric:\n        name: cpuSystem\n        type: double\n        unit: \'%\'\n      cpuTotal_metric:\n        name: cpuTotal\n        thresholds:\n          threshold_0:\n            operator: greater_than\n            value: 80\n          threshold_1:\n            operator: less_than\n            value: 20\n        type: double\n        unit: \'%\'\n      cpuUser_metric:\n        name: cpuUser\n        type: double\n        unit: \'%\'\n    name: CPU\n    static: false\n  DiskStats_Probe:\n    active: true\n    metrics:\n      iotime_metric:\n        name: iotime\n        thresholds:\n          threshold_0:\n            operator: greater_than\n            value: 60\n        type: double\n        unit: \'%\'\n      readkbps_metric:\n        name: readkbps\n        type: double\n        unit: KB/s\n      writekbps_metric:\n        name: writekbps\n        type: double\n        unit: KB/s\n    name: DiskStats\n    static: false\n  Disk_Probe:\n    active: true\n    metrics:\n      diskFree_metric:\n        name: diskFree\n        thresholds:\n          threshold_0:\n            operator: greater_than\n            value: 500\n        type: long\n        unit: MB\n      diskTotal_metric:\n        name: diskTotal\n        type: long\n        unit: MB\n    name: Disk\n    static: false\n  Memory_Probe:\n    active: true\n    metrics:\n      memCache_metric:\n        name: memCache\n        type: integer\n        unit: KB\n      memFree_metric:\n        name: memFree\n        type: integer\n        unit: KB\n      memSwapFree_metric:\n        name: memSwapFree\n        type: integer\n        unit: KB\n      memSwapTotal_metric:\n        name: memSwapTotal\n        type: integer\n        unit: KB\n      memTotal_metric:\n        name: memTotal\n        thresholds: null\n        type: integer\n        unit: KB\n      memUsedPercent_metric:\n        name: memUsedPercent\n        thresholds:\n          threshold_0:\n            operator: greater_than\n            value: 80\n          threshold_1:\n            operator: less_than\n            value: 20\n        type: double\n        unit: \'%\'\n      memUsed_metric:\n        name: memUsed\n        type: integer\n        unit: KB\n    name: Memory\n    static: false\n  Network_Probe:\n    active: true\n    metrics:\n      netBytesIN_metric:\n        name: netBytesIN\n        type: double\n        unit: bytes/s\n      netBytesOUT_metric:\n        name: netBytesOUT\n        type: double\n        unit: bytes/s\n      netPacketsIN_metric:\n        name: netPacketsIN\n        type: double\n        unit: bytes/s\n      netPacketsOUT_metric:\n        name: netPacketsOUT\n        type: double\n        unit: bytes/s\n    name: Network\n    static: false\n  StaticInfo_Probe:\n    active: true\n    metrics:\n      arch_metric:\n        name: arch\n        type: string\n        btime_metric:\n        name: btime\n        type: string\n      cpuNum_metric:\n        name: cpuNum\n        type: string\n      os_metric:\n        name: os\n        type: string\n    name: StaticInfo\n    static: true\n  AppLevel_Probe:\n    active: true\n    metrics:\n      output_frame_rate_metric:\n        name: output_frame_rate\n        thresholds:\n          threshold_0:\n            operator: less_than\n            value: 24\n        type: integer\n        unit: frames/s\n    name: AppLevel\n    path: \'/probes/app_level.jar\'\n    static: false','','2017-07-16 16:26:29.124286','2017-07-16 19:57:59.123624',580,252,234,5),(872,'391de51d52d2494f82e79e0073399b5e','InputDistributor','single','inPort: 2000\nmulticastAddrIP: 255.2.2.0\nmulticastAddrPort: 3000\nports_mapping:\n  port_mapping_0:\n    container_port: 2000\n    host_port: 2000\nvideoHeight: 100\nvideoWidth: 170\nwaitingTime: 5','inputdistributor_image:\n  file: mogswitch/InputDistributor:1.0\n  repository: SWITCH_docker_hub\n  type: tosca.artifacts.Deployment.Image.Container.Docker','2017-07-16 16:26:34.457586','2017-07-16 19:57:59.133069',539,467,234,172),(876,'b11977b8c3ea420f87ed8002208a0e0b','ProxyTranscoder','single','multicastAddrIP: 255.2.2.0\nmulticastAddrPort: 3000\nports_mapping:\n  port_mapping_0:\n    container_port: 8081\n    host_port: 80\nvideoHeight: 100\nvideoWidth: 170','proxytranscoder_image:\n  file: mogswitch/ProxyTranscoder:1.0\n  repository: SWITCH_docker_hub\n  type: tosca.artifacts.Deployment.Image.Container.Docker','2017-07-16 16:26:54.774037','2017-07-16 19:57:59.141654',726,471,234,173),(880,'a5f46cd31cd0443aa7243be6dc5a2863','ProxyTranscoder','single','multicastAddrIP: 255.2.2.0\nmulticastAddrPort: 3000\nports_mapping:\n  port_mapping_0:\n    container_port: 8081\n    host_port: 80\nvideoHeight: 100\nvideoWidth: 170','proxytranscoder_image:\n  file: mogswitch/ProxyTranscoder:1.0\n  repository: SWITCH_docker_hub\n  type: tosca.artifacts.Deployment.Image.Container.Docker','2017-07-16 16:27:00.019036','2017-07-16 19:57:59.152301',735,267,234,173),(882,'69e2146adb074395b799303636787df6','qos_constraint','single','QoS:\n  response_time: 50','','2017-07-16 16:27:00.077623','2017-07-16 19:57:59.162619',875,168,234,6),(883,'89973c7a066b460e8523c34106a1c771','monitoring_agent','single','agent_id: null\nprobes:\n  CPU_Probe:\n    active: true\n    metrics:\n      cpuIOwait_metric:\n        name: cpuIOwait\n        type: double\n        unit: \'%\'\n      cpuIdle_metric:\n        name: cpuIdle\n        type: double\n        unit: \'%\'\n      cpuSystem_metric:\n        name: cpuSystem\n        type: double\n        unit: \'%\'\n      cpuTotal_metric:\n        name: cpuTotal\n        thresholds:\n          threshold_0:\n            operator: greater_than\n            value: 80\n          threshold_1:\n            operator: less_than\n            value: 20\n        type: double\n        unit: \'%\'\n      cpuUser_metric:\n        name: cpuUser\n        type: double\n        unit: \'%\'\n    name: CPU\n    static: false\n  DiskStats_Probe:\n    active: true\n    metrics:\n      iotime_metric:\n        name: iotime\n        thresholds:\n          threshold_0:\n            operator: greater_than\n            value: 60\n        type: double\n        unit: \'%\'\n      readkbps_metric:\n        name: readkbps\n        type: double\n        unit: KB/s\n      writekbps_metric:\n        name: writekbps\n        type: double\n        unit: KB/s\n    name: DiskStats\n    static: false\n  Disk_Probe:\n    active: true\n    metrics:\n      diskFree_metric:\n        name: diskFree\n        thresholds:\n          threshold_0:\n            operator: greater_than\n            value: 500\n        type: long\n        unit: MB\n      diskTotal_metric:\n        name: diskTotal\n        type: long\n        unit: MB\n    name: Disk\n    static: false\n  Memory_Probe:\n    active: true\n    metrics:\n      memCache_metric:\n        name: memCache\n        type: integer\n        unit: KB\n      memFree_metric:\n        name: memFree\n        type: integer\n        unit: KB\n      memSwapFree_metric:\n        name: memSwapFree\n        type: integer\n        unit: KB\n      memSwapTotal_metric:\n        name: memSwapTotal\n        type: integer\n        unit: KB\n      memTotal_metric:\n        name: memTotal\n        thresholds: null\n        type: integer\n        unit: KB\n      memUsedPercent_metric:\n        name: memUsedPercent\n        thresholds:\n          threshold_0:\n            operator: greater_than\n            value: 80\n          threshold_1:\n            operator: less_than\n            value: 20\n        type: double\n        unit: \'%\'\n      memUsed_metric:\n        name: memUsed\n        type: integer\n        unit: KB\n    name: Memory\n    static: false\n  Network_Probe:\n    active: true\n    metrics:\n      netBytesIN_metric:\n        name: netBytesIN\n        type: double\n        unit: bytes/s\n      netBytesOUT_metric:\n        name: netBytesOUT\n        type: double\n        unit: bytes/s\n      netPacketsIN_metric:\n        name: netPacketsIN\n        type: double\n        unit: bytes/s\n      netPacketsOUT_metric:\n        name: netPacketsOUT\n        type: double\n        unit: bytes/s\n    name: Network\n    static: false\n  StaticInfo_Probe:\n    active: true\n    metrics:\n      arch_metric:\n        name: arch\n        type: string\n        btime_metric:\n        name: btime\n        type: string\n      cpuNum_metric:\n        name: cpuNum\n        type: string\n      os_metric:\n        name: os\n        type: string\n    name: StaticInfo\n    static: true\n  AppLevel_Probe:\n    active: true\n    metrics:\n      input_frame_rate_metric:\n        name: input_frame_rate\n        thresholds:\n          threshold_0:\n            operator: less_than\n            value: 24\n        type: integer\n        unit: frames/s\n    name: AppLevel\n    path: \'/probes/app_level.jar\'\n    static: false','','2017-07-16 16:27:00.094725','2017-07-16 19:57:59.172517',791,148,234,5),(884,'2b716479ae304a32ad1531ffd882da96','OutputTranscoder.Cardiff','single','OutIP: 192.168.1.194\nOutPort: 4000\nports_mapping:\n  port_mapping_0:\n    container_port: SET_ITS_VALUE\n    host_port: SET_ITS_VALUE\nvideoHeight: 100\nvideoWidth: 176','','2017-07-16 16:28:01.742971','2017-07-16 19:57:59.181685',1270,341,234,207),(885,'794b00cae6664517abd8f87fde82ebab','vm','single','OStype: SET_ITS_VALUE\ndomain: SET_ITS_VALUE\ninstallation: SET_ITS_VALUE\nnodetype: SET_ITS_VALUE\npublic_address: SET_ITS_VALUE\nrole: SET_ITS_VALUE\nscript: SET_ITS_VALUE\n','','2017-07-16 16:31:48.298794','2017-07-16 19:57:59.190706',730,565,234,30),(886,'0cf6885bf57240b9b98640c7820e27e4','vm','single','OStype: SET_ITS_VALUE\ndomain: SET_ITS_VALUE\ninstallation: SET_ITS_VALUE\nnodetype: SET_ITS_VALUE\npublic_address: SET_ITS_VALUE\nrole: SET_ITS_VALUE\nscript: SET_ITS_VALUE\n','','2017-07-16 16:32:00.588562','2017-07-16 19:57:59.199378',758,396,234,30),(887,'cec52f2213db420eaf9f741ce9105b69','vm','single','OStype: SET_ITS_VALUE\ndomain: SET_ITS_VALUE\ninstallation: SET_ITS_VALUE\nnodetype: SET_ITS_VALUE\npublic_address: SET_ITS_VALUE\nrole: SET_ITS_VALUE\nscript: SET_ITS_VALUE\n','','2017-07-16 16:32:51.753081','2017-07-16 19:57:59.208717',1098,429,234,30),(888,'50f6c037244e4c599e564cce2cd2a5ac','vm','single','OStype: SET_ITS_VALUE\ndomain: SET_ITS_VALUE\ninstallation: SET_ITS_VALUE\nnodetype: SET_ITS_VALUE\npublic_address: SET_ITS_VALUE\nrole: SET_ITS_VALUE\nscript: SET_ITS_VALUE\n','','2017-07-16 16:32:57.267750','2017-07-16 19:57:59.324019',1299,489,234,30),(889,'8eaa6f378d1540fc9a89264af862a50c','vm','single','OStype: SET_ITS_VALUE\ndomain: SET_ITS_VALUE\ninstallation: SET_ITS_VALUE\nnodetype: SET_ITS_VALUE\npublic_address: SET_ITS_VALUE\nrole: SET_ITS_VALUE\nscript: SET_ITS_VALUE\n','','2017-07-16 16:33:04.031272','2017-07-16 19:57:59.333846',1095,159,234,30),(890,'ddfefc63132e43e3979ad8d64b46e5ef','subnet','single','name: SET_ITS_VALUE\nnetmask: 255.255.255.0\nsubnet: 192.168.10.0\n','','2017-07-16 16:33:16.606785','2017-07-16 19:57:59.220350',978,432,234,31),(891,'dd57e56009584ef3af70a4089f34242f','\"Director\"','single','dave: SET_ITS_VALUE\nports_mapping:\n  port_mapping_0:\n    container_port: SET_ITS_VALUE\n    host_port: SET_ITS_VALUE\n  port_mapping_1:\n    container_port: SET_ITS_VALUE\n    host_port: SET_ITS_VALUE\n  port_mapping_2:\n    container_port: SET_ITS_VALUE\n    host_port: SET_ITS_VALUE','dave_image:\n  file: dave\n  repository: SWITCH_docker_hub\n  type: tosca.artifacts.Deployment.Image.Container.Docker','2017-07-16 16:35:17.534121','2017-07-16 19:57:59.230695',986,575,234,233),(896,'02a8ab37d16e4a2cb2ad65cd3acab431','dst','single','ports_mapping:\n  port_mapping_0:\n    container_port: 8080\n    host_port: 8080\n  port_mapping_1:\n    container_port: 4242\n    host_port: 4242\n  port_mapping_2:\n    container_port: 4245\n    host_port: 4245\n  port_mapping_3:\n    container_port: 7199\n    host_port: 7199\n  port_mapping_4:\n    container_port: 7000\n    host_port: 7000\n  port_mapping_5:\n    container_port: 7001\n    host_port: 7001\n  port_mapping_6:\n    container_port: 9160\n    host_port: 9160\n  port_mapping_7:\n    container_port: 9042\n    host_port: 9042\n  port_mapping_8:\n    container_port: 8012\n    host_port: 8012\n  port_mapping_9:\n    container_port: 61621\n    host_port: 61621\n','monitoring_server_image:\n  file: salmant/salman_monitoring_server_container_image\n  repository: SWITCH_docker_hub\n  type: tosca.artifacts.Deployment.Image.Container.Docker\n','2017-07-16 16:35:17.655875','2017-07-16 19:57:59.241340',1156,569,234,25),(897,'9f58813f8b9845cda72756b46ee636f6','hw_requirement','single','host:\n  cpu_frequency: SET_ITS_VALUE\n  disk_size: SET_ITS_VALUE\n  mem_size: SET_ITS_VALUE\n  num_cpus: SET_ITS_VALUE\nos:\n  architecture: x86_64\n  distribution: ubuntu\n  os_version: 16.04\n  type: linux\n','','2017-07-16 16:41:06.179947','2017-07-16 19:57:59.250473',642,184,234,8),(898,'53c2ca19f0094bcb8fca0567fd7333e9','monitoring_server','single','ports_mapping:\n  port_mapping_0:\n    container_port: 8080\n    host_port: 8080\n  port_mapping_1:\n    container_port: 4242\n    host_port: 4242\n  port_mapping_2:\n    container_port: 4245\n    host_port: 4245\n  port_mapping_3:\n    container_port: 7199\n    host_port: 7199\n  port_mapping_4:\n    container_port: 7000\n    host_port: 7000\n  port_mapping_5:\n    container_port: 7001\n    host_port: 7001\n  port_mapping_6:\n    container_port: 9160\n    host_port: 9160\n  port_mapping_7:\n    container_port: 9042\n    host_port: 9042\n  port_mapping_8:\n    container_port: 8012\n    host_port: 8012\n  port_mapping_9:\n    container_port: 61621\n    host_port: 61621\n','monitoring_server_image:\n  file: salmant/salman_monitoring_server_container_image\n  repository: SWITCH_docker_hub\n  type: tosca.artifacts.Deployment.Image.Container.Docker\n','2017-07-16 19:52:09.899909','2017-07-16 19:52:10.733339',985,250,236,70),(899,'8a22a5226d4740ecb73927c485febe9a','Switcher','single','Input_A_Uncompressed_Video_Multicast_Address: 225.2.2.0\nInput_A_Uncompressed_Video_Multicast_Port: 3000\nInput_B_Uncompressed_Video_Multicast_Address: 225.2.2.1\nInput_B_Uncompressed_Video_Multicast_Port: 3002\nInput_Video_Height: 100\nInput_Video_Width: 176\nOutput_REST_PORT: 8008\nOutput_Uncompressed_Video_Multicast_Address: 226.2.2.2\nOutput_Uncompressed_Video_Multicast_Port: 6000\nWaiting_Time: 5\nports_mapping:\n  port_mapping_0:\n    container_port: SET_ITS_VALUE\n    host_port: SET_ITS_VALUE\n  port_mapping_1:\n    container_port: SET_ITS_VALUE\n    host_port: SET_ITS_VALUE\n  port_mapping_2:\n    container_port: SET_ITS_VALUE\n    host_port: SET_ITS_VALUE','','2017-07-16 19:52:09.922194','2017-07-16 19:52:10.988671',998,331,236,200),(900,'3e50f4445db64741ad94d6023c5e14cb','InputDistributor','single','inPort: 2000\nmulticastAddrIP: 255.2.2.0\nmulticastAddrPort: 3000\nports_mapping:\n  port_mapping_0:\n    container_port: 2000\n    host_port: 2000\nvideoHeight: 100\nvideoWidth: 170\nwaitingTime: 5','inputdistributor_image:\n  file: mogswitch/InputDistributor:1.0\n  repository: SWITCH_docker_hub\n  type: tosca.artifacts.Deployment.Image.Container.Docker','2017-07-16 19:52:09.984065','2017-07-16 19:52:10.969467',564,340,236,172),(901,'60bf0cc12c424363a4d5f105a59317d8','InputDistributor','single','inPort: 2000\nmulticastAddrIP: 255.2.2.0\nmulticastAddrPort: 3000\nports_mapping:\n  port_mapping_0:\n    container_port: 2000\n    host_port: 2000\nvideoHeight: 100\nvideoWidth: 170\nwaitingTime: 5','inputdistributor_image:\n  file: mogswitch/InputDistributor:1.0\n  repository: SWITCH_docker_hub\n  type: tosca.artifacts.Deployment.Image.Container.Docker','2017-07-16 19:52:10.010913','2017-07-16 19:52:10.010960',539,467,236,172),(902,'09f4c0e616f74fdab5ad4d0eabf0a2e9','ProxyTranscoder','single','multicastAddrIP: 255.2.2.0\nmulticastAddrPort: 3000\nports_mapping:\n  port_mapping_0:\n    container_port: 8081\n    host_port: 80\nvideoHeight: 100\nvideoWidth: 170','proxytranscoder_image:\n  file: mogswitch/ProxyTranscoder:1.0\n  repository: SWITCH_docker_hub\n  type: tosca.artifacts.Deployment.Image.Container.Docker','2017-07-16 19:52:10.040034','2017-07-16 19:52:10.960183',726,471,236,173),(903,'cbf5c52b4ff940929165a6e093be78e6','ProxyTranscoder','single','multicastAddrIP: 255.2.2.0\nmulticastAddrPort: 3000\nports_mapping:\n  port_mapping_0:\n    container_port: 8081\n    host_port: 80\nvideoHeight: 100\nvideoWidth: 170','proxytranscoder_image:\n  file: mogswitch/ProxyTranscoder:1.0\n  repository: SWITCH_docker_hub\n  type: tosca.artifacts.Deployment.Image.Container.Docker','2017-07-16 19:52:10.059281','2017-07-16 19:52:10.979020',735,267,236,173),(904,'b4f8019a94b34ba38ac00cc2058b6fbd','OutputTranscoder.Cardiff','single','OutIP: 192.168.1.194\nOutPort: 4000\nports_mapping:\n  port_mapping_0:\n    container_port: SET_ITS_VALUE\n    host_port: SET_ITS_VALUE\nvideoHeight: 100\nvideoWidth: 176','','2017-07-16 19:52:10.098807','2017-07-16 19:52:10.998334',1270,341,236,207),(905,'ae46bce931644216b9a5a5ce0e5dacb6','vm','single','OStype: SET_ITS_VALUE\ndomain: SET_ITS_VALUE\ninstallation: SET_ITS_VALUE\nnodetype: SET_ITS_VALUE\npublic_address: SET_ITS_VALUE\nrole: SET_ITS_VALUE\nscript: SET_ITS_VALUE\n','','2017-07-16 19:52:10.189985','2017-07-16 19:52:10.190039',0,0,236,35),(906,'53ff6e85d2a04b4eb0542f5b02c6eec0','vm','single','OStype: SET_ITS_VALUE\ndomain: SET_ITS_VALUE\ninstallation: SET_ITS_VALUE\nnodetype: SET_ITS_VALUE\npublic_address: SET_ITS_VALUE\nrole: SET_ITS_VALUE\nscript: SET_ITS_VALUE\n','','2017-07-16 19:52:10.204625','2017-07-16 19:52:10.204667',0,0,236,35),(907,'a50760c614314039941dd7497501328a','vm','single','OStype: SET_ITS_VALUE\ndomain: SET_ITS_VALUE\ninstallation: SET_ITS_VALUE\nnodetype: SET_ITS_VALUE\npublic_address: SET_ITS_VALUE\nrole: SET_ITS_VALUE\nscript: SET_ITS_VALUE\n','','2017-07-16 19:52:10.219987','2017-07-16 19:52:10.220030',0,0,236,35),(908,'9e35f30891a24e33966a3b1379b5c484','vm','single','OStype: SET_ITS_VALUE\ndomain: SET_ITS_VALUE\ninstallation: SET_ITS_VALUE\nnodetype: SET_ITS_VALUE\npublic_address: SET_ITS_VALUE\nrole: SET_ITS_VALUE\nscript: SET_ITS_VALUE\n','','2017-07-16 19:52:10.233877','2017-07-16 19:52:10.233922',0,0,236,35),(909,'7cc3f49d58ab49039999459ad22f8c93','vm','single','OStype: SET_ITS_VALUE\ndomain: SET_ITS_VALUE\ninstallation: SET_ITS_VALUE\nnodetype: SET_ITS_VALUE\npublic_address: SET_ITS_VALUE\nrole: SET_ITS_VALUE\nscript: SET_ITS_VALUE\n','','2017-07-16 19:52:10.262588','2017-07-16 19:52:10.262640',0,0,236,35),(910,'b8c2bf3f7d2843ad9ae465177eb21c08','subnet','single','name: SET_ITS_VALUE\nnetmask: 255.255.255.0\nsubnet: 192.168.10.0\n','','2017-07-16 19:52:10.276380','2017-07-16 19:52:10.276422',0,0,236,35),(911,'786825536be842c1b4ac7daaee05d9dc','\"Director\"','single','dave: SET_ITS_VALUE\nports_mapping:\n  port_mapping_0:\n    container_port: SET_ITS_VALUE\n    host_port: SET_ITS_VALUE\n  port_mapping_1:\n    container_port: SET_ITS_VALUE\n    host_port: SET_ITS_VALUE\n  port_mapping_2:\n    container_port: SET_ITS_VALUE\n    host_port: SET_ITS_VALUE','dave_image:\n  file: dave\n  repository: SWITCH_docker_hub\n  type: tosca.artifacts.Deployment.Image.Container.Docker','2017-07-16 19:52:10.290369','2017-07-16 19:52:10.833116',986,575,236,233),(912,'caf76c33a0ce4e60890671f0876ffdbd','monitoring_server','single','ports_mapping:\n  port_mapping_0:\n    container_port: 8080\n    host_port: 8080\n  port_mapping_1:\n    container_port: 4242\n    host_port: 4242\n  port_mapping_2:\n    container_port: 4245\n    host_port: 4245\n  port_mapping_3:\n    container_port: 7199\n    host_port: 7199\n  port_mapping_4:\n    container_port: 7000\n    host_port: 7000\n  port_mapping_5:\n    container_port: 7001\n    host_port: 7001\n  port_mapping_6:\n    container_port: 9160\n    host_port: 9160\n  port_mapping_7:\n    container_port: 9042\n    host_port: 9042\n  port_mapping_8:\n    container_port: 8012\n    host_port: 8012\n  port_mapping_9:\n    container_port: 61621\n    host_port: 61621\n','monitoring_server_image:\n  file: salmant/salman_monitoring_server_container_image\n  repository: SWITCH_docker_hub\n  type: tosca.artifacts.Deployment.Image.Container.Docker\n','2017-08-07 13:52:54.370257','2017-08-08 11:02:57.465358',566,108,155,70),(913,'eba58aa5ced547e08b12e828688b1006','hw_requirement','single','host:\n  cpu_frequency: 1.2\n  disk_size: 20\n  mem_size: 4\n  num_cpus: 1\nos:\n  architecture: x86_64\n  distribution: ubuntu\n  os_version: 16.04\n  type: linux\n','','2017-08-07 13:52:54.416763','2017-08-08 11:02:57.396053',610,208,155,8),(914,'93b7c2f3d22b40ac912b9d5fc5c9a821','qos_constraint','single','QoS:\n  response_time: 50','','2017-08-07 13:52:54.455065','2017-08-08 11:02:57.409312',614,8,155,6);
/*!40000 ALTER TABLE `api_componentinstance` ENABLE KEYS */;
UNLOCK TABLES;

--
-- Table structure for table `api_componentlink`
--

DROP TABLE IF EXISTS `api_componentlink`;
/*!40101 SET @saved_cs_client     = @@character_set_client */;
/*!40101 SET character_set_client = utf8 */;
CREATE TABLE `api_componentlink` (
  `componentinstance_ptr_id` int(11) NOT NULL,
  `source_id` int(11) DEFAULT NULL,
  `target_id` int(11) DEFAULT NULL,
  PRIMARY KEY (`componentinstance_ptr_id`),
  KEY `api_componentlink_0afd9202` (`source_id`),
  KEY `api_componentlink_55e2df16` (`target_id`),
  CONSTRAINT `ap_componentinstance_ptr_id_7561f525_fk_api_componentinstance_id` FOREIGN KEY (`componentinstance_ptr_id`) REFERENCES `api_componentinstance` (`id`),
  CONSTRAINT `api_componentlink_source_id_7c07b546_fk_api_componentport_id` FOREIGN KEY (`source_id`) REFERENCES `api_componentport` (`id`),
  CONSTRAINT `api_componentlink_target_id_b7c421e_fk_api_componentport_id` FOREIGN KEY (`target_id`) REFERENCES `api_componentport` (`id`)
) ENGINE=InnoDB DEFAULT CHARSET=latin1;
/*!40101 SET character_set_client = @saved_cs_client */;

--
-- Dumping data for table `api_componentlink`
--

LOCK TABLES `api_componentlink` WRITE;
/*!40000 ALTER TABLE `api_componentlink` DISABLE KEYS */;
INSERT INTO `api_componentlink` VALUES (458,71,72),(476,75,76),(599,77,78),(696,186,158),(697,187,179),(698,173,175),(699,187,188),(700,186,189),(701,173,190);
/*!40000 ALTER TABLE `api_componentlink` ENABLE KEYS */;
UNLOCK TABLES;

--
-- Table structure for table `api_componentport`
--

DROP TABLE IF EXISTS `api_componentport`;
/*!40101 SET @saved_cs_client     = @@character_set_client */;
/*!40101 SET character_set_client = utf8 */;
CREATE TABLE `api_componentport` (
  `id` int(11) NOT NULL AUTO_INCREMENT,
  `type` varchar(255) NOT NULL,
  `title` varchar(255) NOT NULL,
  `uuid` varchar(255) NOT NULL,
  `instance_id` int(11) NOT NULL,
  PRIMARY KEY (`id`),
  KEY `api_componentport_51afcc4f` (`instance_id`),
  CONSTRAINT `api_componentpo_instance_id_46a55b73_fk_api_componentinstance_id` FOREIGN KEY (`instance_id`) REFERENCES `api_componentinstance` (`id`)
) ENGINE=InnoDB AUTO_INCREMENT=230 DEFAULT CHARSET=latin1;
/*!40101 SET character_set_client = @saved_cs_client */;

--
-- Dumping data for table `api_componentport`
--

LOCK TABLES `api_componentport` WRITE;
/*!40000 ALTER TABLE `api_componentport` DISABLE KEYS */;
INSERT INTO `api_componentport` VALUES (71,'out','1','848a9700-fc02-4aae-8a82-d5753cf9597a',450),(72,'in','1','83db8696-08da-4d90-a96c-4780162b78aa',454),(75,'out','1','ea5468fc-17c7-4384-a96f-e28081cb081c',474),(76,'in','1','9b5c9b52-0cbc-4db5-8b04-c3019a0ef0fd',475),(77,'out','1','e9c29a2b-c366-4872-9867-a5a5d5b4733a',591),(78,'in','1','754e76d0-4b05-4e3b-89de-5947504d5589',595),(79,'in','2000','78508903-6fcb-4693-b6a7-4c0640670b11',622),(81,'out','4000','ba3fc9d2-da49-4cf9-ba78-bcc89dbb21ef',622),(82,'in','Input_A_Uncompressed_Video_Multicast_Port','6b09bc24-51c5-410d-9205-e649654b39d4',624),(85,'in','Input_B_Uncompressed_Video_Multicast_Port','576019db-dc88-4641-b95c-9901f261f829',624),(86,'out','Output_Uncompressed_Video_Multicast_Port','0b39260a-f900-4c72-baef-291f51260370',624),(87,'out','Output_REST_PORT','d3110b08-a6ac-40ef-be17-933268284e46',624),(94,'in','1','46142099-7077-4acf-936e-94441a13fee6',591),(95,'in','2','4d35a6a8-a71c-4540-aa4a-3383b02fc684',591),(96,'in','3','0d03150e-8e99-4054-8fbf-38d4cd9952eb',591),(125,'in','inPort','1940aa76-1db2-4a7b-9ac9-c14f6e8eb9b6',638),(126,'out','outPort','61a6f5b7-6ba6-451b-907c-87a3caa3bc3e',639),(127,'out','outPort','39d51658-00a8-4a20-ad55-001cf3fff68e',640),(132,'in','switcherREST','0197a478-4d5b-492d-8da6-10552075665e',641),(133,'in','inPort','92aa59bd-2c48-4f25-a27f-1412dd2cc849',666),(134,'out','outPort','4bd7ba2b-6f49-4648-9c9c-cdd118e011f3',667),(140,'in','inPort','40974a48-8bcb-48ba-80a6-4d3c5f26f502',669),(141,'out','outPort','1e8c4827-5dcc-40c6-840b-f14f09f9ae28',672),(157,'out','outPort','60eea86c-64ed-48da-b991-6bf7c49c861c',685),(158,'in','switcherREST','a75bc9ef-b485-4db7-8226-9c3d76ae8a9e',686),(163,'out','outPort','78fec7a2-e803-4e4a-b5e2-b0afcdb7d3f1',691),(173,'out','1','88d8db9a-7621-440c-8c80-370a2020b810',686),(175,'in','1','7c36b4c1-58e1-4011-b00f-7641e09b2e5a',691),(179,'in','2','52d0aa2c-0775-44b1-857e-006817a3d637',686),(180,'in','3','62bdc6c5-b179-4661-bda7-a5f94ee17247',686),(186,'out','1','24ba657c-8a18-4c7f-aed9-9498d88a85d2',666),(187,'out','1','030029d5-63ef-472f-9697-df1380505281',669),(188,'in','1','2e50ce74-9396-4058-8402-997d196c9fd7',667),(189,'in','1','6f14898d-007d-419c-a41b-02099611f77f',672),(190,'in','1','4e52e9f4-19d2-4b32-96ee-67bd5775ab93',685),(191,'in','Input port 1','062ef671-7f59-484f-a41a-49d9ffccb9e3',619),(192,'in','Input port 2','3b74a8e4-f6e4-4bdd-b26c-bbf022c431af',619),(193,'out','Output port','a424cd31-b06f-4135-a8cf-133ab0aef0c1',619),(202,'out','new_port','d231214e-2433-4302-8eaf-fc49112ad484',868),(203,'out','new_port','23735209-c108-4454-8353-bd0765f6ac7b',872),(207,'in','','',876),(208,'out','new_port','f976a818-909e-4738-8122-44aef2390ab5',876),(209,'in','','',884),(210,'out','new_port','8376033f-799c-42a3-91f7-b603ef5fef0b',884),(211,'in','','',863),(212,'in','','',863),(213,'out','','',863),(215,'in','','',891),(216,'in','','',880),(217,'out','','',880),(218,'in','','c63e4774-24c5-43d6-b1d5-ba16197569f1',899),(219,'in','','bf589b28-06dd-4174-9758-861bca8557aa',899),(220,'out','','34376bdc-b398-48b7-8635-ca5712683467',899),(221,'out','new_port','5dad5bba-19ee-41cf-87aa-b6701754bc79',900),(222,'out','new_port','86c2b33a-478e-42a9-917d-c3379390633a',901),(223,'in','','9fb07b83-35a4-42d7-b526-b220b59618bf',902),(224,'out','new_port','b6bc7292-7874-47e2-8de1-0917a7666ddf',902),(225,'in','','16dcbeef-56ac-4dab-9b06-ef3fd2976361',903),(226,'out','','3880aab2-e72b-4358-94ca-6745480777f1',903),(227,'in','','c7d92a29-0a2f-4f4c-be8e-cc742b4b5631',904),(228,'out','new_port','0d197eba-41d0-42de-a8c6-121da636069e',904),(229,'in','','146de9c3-0d49-40ff-ad36-e1379b2fd49c',911);
/*!40000 ALTER TABLE `api_componentport` ENABLE KEYS */;
UNLOCK TABLES;

--
-- Table structure for table `api_componenttype`
--

DROP TABLE IF EXISTS `api_componenttype`;
/*!40101 SET @saved_cs_client     = @@character_set_client */;
/*!40101 SET character_set_client = utf8 */;
CREATE TABLE `api_componenttype` (
  `id` int(11) NOT NULL AUTO_INCREMENT,
  `title` varchar(255) NOT NULL,
  `primary_colour` varchar(255) NOT NULL,
  `secondary_colour` varchar(255) NOT NULL,
  `icon_name` varchar(1024) NOT NULL,
  `icon_style` varchar(1024) NOT NULL,
  `icon_class` varchar(1024) NOT NULL,
  `icon_svg` varchar(1024) NOT NULL,
  `icon_code` varchar(255) NOT NULL,
  `icon_colour` varchar(255) NOT NULL,
  `parent_id` int(11) DEFAULT NULL,
  `switch_class_id` int(11) DEFAULT NULL,
  `tosca_class_id` int(11) DEFAULT NULL,
  PRIMARY KEY (`id`),
  KEY `api_componenttype_6be37982` (`parent_id`),
  KEY `api_componenttype_964bf053` (`switch_class_id`),
  KEY `api_componenttype_1d6f36fd` (`tosca_class_id`),
  CONSTRAINT `api_co_switch_class_id_38a3c48e40ec53e6_fk_api_componentclass_id` FOREIGN KEY (`switch_class_id`) REFERENCES `api_componentclass` (`id`),
  CONSTRAINT `api_compone_tosca_class_id_102c1bbd5131454b_fk_api_toscaclass_id` FOREIGN KEY (`tosca_class_id`) REFERENCES `api_toscaclass` (`id`),
  CONSTRAINT `api_componenttype_parent_id_7fad7773_fk_api_componenttype_id` FOREIGN KEY (`parent_id`) REFERENCES `api_componenttype` (`id`)
) ENGINE=InnoDB AUTO_INCREMENT=157 DEFAULT CHARSET=latin1;
/*!40101 SET character_set_client = @saved_cs_client */;

--
-- Dumping data for table `api_componenttype`
--

LOCK TABLES `api_componenttype` WRITE;
/*!40000 ALTER TABLE `api_componenttype` DISABLE KEYS */;
INSERT INTO `api_componenttype` VALUES (1,'Component','rgb(51, 122, 183)','rgb(46, 109, 164)','fa-cog','border-radius: 0;','btn-primary','M1024 640q0 106 -75 181t-181 75t-181 -75t-75 -181t75 -181t181 -75t181 75t75 181zM1536 749v-222q0 -12 -8 -23t-20 -13l-185 -28q-19 -54 -39 -91q35 -50 107 -138q10 -12 10 -25t-9 -23q-27 -37 -99 -108t-94 -71q-12 0 -26 9l-138 108q-44 -23 -91 -38 q-16 -136 -29 -186q-7 -28 -36 -28h-222q-14 0 -24.5 8.5t-11.5 21.5l-28 184q-49 16 -90 37l-141 -107q-10 -9 -25 -9q-14 0 -25 11q-126 114 -165 168q-7 10 -7 23q0 12 8 23q15 21 51 66.5t54 70.5q-27 50 -41 99l-183 27q-13 2 -21 12.5t-8 23.5v222q0 12 8 23t19 13 l186 28q14 46 39 92q-40 57 -107 138q-10 12 -10 24q0 10 9 23q26 36 98.5 107.5t94.5 71.5q13 0 26 -10l138 -107q44 23 91 38q16 136 29 186q7 28 36 28h222q14 0 24.5 -8.5t11.5 -21.5l28 -184q49 -16 90 -37l142 107q9 9 24 9q13 0 25 -10q129 -119 165 -170q7 -8 7 -22 q0 -12 -8 -23q-15 -21 -51 -66.5t-54 -70.5q26 -50 41 -98l183 -28q13 -2 21 -12.5t8 -23.5z','&#xf013','rgb(255, 255, 255)',NULL,1,9),(2,'External Component','rgb(255, 255, 255)','rgb(204, 204, 204)','fa-question-circle-o','border-radius: 0;','btn-default','M880 336v-160q0 -14 -9 -23t-23 -9h-160q-14 0 -23 9t-9 23v160q0 14 9 23t23 9h160q14 0 23 -9t9 -23zM1136 832q0 -50 -15 -90t-45.5 -69t-52 -44t-59.5 -36q-32 -18 -46.5 -28t-26 -24t-11.5 -29v-32q0 -14 -9 -23t-23 -9h-160q-14 0 -23 9t-9 23v68q0 35 10.5 64.5 t24 47.5t39 35.5t41 25.5t44.5 21q53 25 75 43t22 49q0 42 -43.5 71.5t-95.5 29.5q-56 0 -95 -27q-29 -20 -80 -83q-9 -12 -25 -12q-11 0 -19 6l-108 82q-10 7 -12 20t5 23q122 192 349 192q129 0 238.5 -89.5t109.5 -214.5zM768 1280q-130 0 -248.5 -51t-204 -136.5 t-136.5 -204t-51 -248.5t51 -248.5t136.5 -204t204 -136.5t248.5 -51t248.5 51t204 136.5t136.5 204t51 248.5t-51 248.5t-136.5 204t-204 136.5t-248.5 51zM1536 640q0 -209 -103 -385.5t-279.5 -279.5t-385.5 -103t-385.5 103t-279.5 279.5t-103 385.5t103 385.5 t279.5 279.5t385.5 103t385.5 -103t279.5 -279.5t103 -385.5z','&#xf29c','rgb(51, 51, 51)',NULL,1,10),(3,'Network','rgb(91, 192, 222)','rgb(70, 184, 218)','fa-link','border-radius: 0;','btn-info','M1456 320q0 40 -28 68l-208 208q-28 28 -68 28q-42 0 -72 -32q3 -3 19 -18.5t21.5 -21.5t15 -19t13 -25.5t3.5 -27.5q0 -40 -28 -68t-68 -28q-15 0 -27.5 3.5t-25.5 13t-19 15t-21.5 21.5t-18.5 19q-33 -31 -33 -73q0 -40 28 -68l206 -207q27 -27 68 -27q40 0 68 26 l147 146q28 28 28 67zM753 1025q0 40 -28 68l-206 207q-28 28 -68 28q-39 0 -68 -27l-147 -146q-28 -28 -28 -67q0 -40 28 -68l208 -208q27 -27 68 -27q42 0 72 31q-3 3 -19 18.5t-21.5 21.5t-15 19t-13 25.5t-3.5 27.5q0 40 28 68t68 28q15 0 27.5 -3.5t25.5 -13t19 -15 t21.5 -21.5t18.5 -19q33 31 33 73zM1648 320q0 -120 -85 -203l-147 -146q-83 -83 -203 -83q-121 0 -204 85l-206 207q-83 83 -83 203q0 123 88 209l-88 88q-86 -88 -208 -88q-120 0 -204 84l-208 208q-84 84 -84 204t85 203l147 146q83 83 203 83q121 0 204 -85l206 -207 q83 -83 83 -203q0 -123 -88 -209l88 -88q86 88 208 88q120 0 204 -84l208 -208q84 -84 84 -204z','&#xf0c1','rgb(255, 255, 255)',NULL,1,11),(5,'Monitoring Agent','rgb(92, 184, 92)','rgb(76, 174, 76)','fa-line-chart','','btn-success btn-circle','M2048 0v-128h-2048v1536h128v-1408h1920zM1920 1248v-435q0 -21 -19.5 -29.5t-35.5 7.5l-121 121l-633 -633q-10 -10 -23 -10t-23 10l-233 233l-416 -416l-192 192l585 585q10 10 23 10t23 -10l233 -233l464 464l-121 121q-16 16 -7.5 35.5t29.5 19.5h435q14 0 23 -9 t9 -23z','&#xf201','rgb(255, 255, 255)',NULL,2,12),(6,'Constraint','rgb(240, 173, 78)','rgb(238, 162, 54)','fa-flag','','btn-warning btn-circle','M320 1280q0 -72 -64 -110v-1266q0 -13 -9.5 -22.5t-22.5 -9.5h-64q-13 0 -22.5 9.5t-9.5 22.5v1266q-64 38 -64 110q0 53 37.5 90.5t90.5 37.5t90.5 -37.5t37.5 -90.5zM1792 1216v-763q0 -25 -12.5 -38.5t-39.5 -27.5q-215 -116 -369 -116q-61 0 -123.5 22t-108.5 48 t-115.5 48t-142.5 22q-192 0 -464 -146q-17 -9 -33 -9q-26 0 -45 19t-19 45v742q0 32 31 55q21 14 79 43q236 120 421 120q107 0 200 -29t219 -88q38 -19 88 -19q54 0 117.5 21t110 47t88 47t54.5 21q26 0 45 -19t19 -45z','&#xf024','rgb(255, 255, 255)',NULL,2,15),(7,'Adaptation Policy','rgb(217, 83, 79)','rgb(212, 63, 58)','fa-pencil','','btn-danger btn-circle','M363 0l91 91l-235 235l-91 -91v-107h128v-128h107zM886 928q0 22 -22 22q-10 0 -17 -7l-542 -542q-7 -7 -7 -17q0 -22 22 -22q10 0 17 7l542 542q7 7 7 17zM832 1120l416 -416l-832 -832h-416v416zM1515 1024q0 -53 -37 -90l-166 -166l-416 416l166 165q36 38 90 38 q53 0 91 -38l235 -234q37 -39 37 -91z','&#xf040','rgb(255, 255, 255)',NULL,2,16),(8,'Requirement','rgb(254, 97, 198)','rgb(218, 92, 183)','fa-shopping-cart','','btn-pink btn-circle','M640 0q0 -52 -38 -90t-90 -38t-90 38t-38 90t38 90t90 38t90 -38t38 -90zM1536 0q0 -52 -38 -90t-90 -38t-90 38t-38 90t38 90t90 38t90 -38t38 -90zM1664 1088v-512q0 -24 -16.5 -42.5t-40.5 -21.5l-1044 -122q13 -60 13 -70q0 -16 -24 -64h920q26 0 45 -19t19 -45 t-19 -45t-45 -19h-1024q-26 0 -45 19t-19 45q0 11 8 31.5t16 36t21.5 40t15.5 29.5l-177 823h-204q-26 0 -45 19t-19 45t19 45t45 19h256q16 0 28.5 -6.5t19.5 -15.5t13 -24.5t8 -26t5.5 -29.5t4.5 -26h1201q26 0 45 -19t19 -45z','&#xf07a','rgb(255, 255, 255)',NULL,2,17),(9,'Event Listener','rgb(212, 225, 87)','rgb(189, 213, 125)','fa-microphone','','btn-grass btn-circle','M1152 832v-128q0 -221 -147.5 -384.5t-364.5 -187.5v-132h256q26 0 45 -19t19 -45t-19 -45t-45 -19h-640q-26 0 -45 19t-19 45t19 45t45 19h256v132q-217 24 -364.5 187.5t-147.5 384.5v128q0 26 19 45t45 19t45 -19t19 -45v-128q0 -185 131.5 -316.5t316.5 -131.5 t316.5 131.5t131.5 316.5v128q0 26 19 45t45 19t45 -19t19 -45zM896 1216v-512q0 -132 -94 -226t-226 -94t-226 94t-94 226v512q0 132 94 226t226 94t226 -94t94 -226z','&#xf130','rgb(255, 255, 255)',NULL,2,13),(10,'Message Passer','rgb(255, 127, 80)','rgb(230, 115, 72)','fa-info','','btn-coral btn-circle','M640 192v-128q0 -26 -19 -45t-45 -19h-512q-26 0 -45 19t-19 45v128q0 26 19 45t45 19h64v384h-64q-26 0 -45 19t-19 45v128q0 26 19 45t45 19h384q26 0 45 -19t19 -45v-576h64q26 0 45 -19t19 -45zM512 1344v-192q0 -26 -19 -45t-45 -19h-256q-26 0 -45 19t-19 45v192 q0 26 19 45t45 19h256q26 0 45 -19t19 -45z','&#xf129','rgb(255, 255, 255)',NULL,2,14),(25,'DST','rgb(91,192,222)','rgb(70,184,218)','fa-code','border-radius: 0;','btn-info','M617 137l-50 -50q-10 -10 -23 -10t-23 10l-466 466q-10 10 -10 23t10 23l466 466q10 10 23 10t23 -10l50 -50q10 -10 10 -23t-10 -23l-393 -393l393 -393q10 -10 10 -23t-10 -23zM1208 1204l-373 -1291q-4 -13 -15.5 -19.5t-23.5 -2.5l-62 17q-13 4 -19.5 15.5t-2.5 24.5 l373 1291q4 13 15.5 19.5t23.5 2.5l62 -17q13 -4 19.5 -15.5t2.5 -24.5zM1865 553l-466 -466q-10 -10 -23 -10t-23 10l-50 50q-10 10 -10 23t10 23l393 393l-393 393q-10 10 -10 23t10 23l50 50q10 10 23 10t23 -10l466 -466q10 -10 10 -23t-10 -23z','&#xf201','rgb(255, 255, 255)',NULL,3,32),(30,'Virtual Machine','rgb(198, 107, 225)','rgb(184, 70, 218)','fa-tv','','btn-purple btn-diamond','M1792 288v960q0 13 -9.5 22.5t-22.5 9.5h-1600q-13 0 -22.5 -9.5t-9.5 -22.5v-960q0 -13 9.5 -22.5t22.5 -9.5h1600q13 0 22.5 9.5t9.5 22.5zM1920 1248v-960q0 -66 -47 -113t-113 -47h-736v-128h352q14 0 23 -9t9 -23v-64q0 -14 -9 -23t-23 -9h-832q-14 0 -23 9t-9 23 v64q0 14 9 23t23 9h352v128h-736q-66 0 -113 47t-47 113v960q0 66 47 113t113 47h1600q66 0 113 -47t47 -113z','&#xf26c','rgb(255, 255, 255)',NULL,4,24),(31,'Virtual Network','rgb(204, 0, 204)','rgb(184, 70, 218)','fa-exchange','','btn-magenta btn-diamond','M1792 1184v192q0 13-9.5 22.5t-22.5 9.5h-1376v192q0 13-9.5 22.5t-22.5 9.5q-12 0-24-10l-319-320q-9-9-9-22 0-14 9-23l320-320q9-9 23-9 13 0 22.5 9.5t9.5 22.5v192h1376q13 0 22.5 9.5t9.5 22.5zm0-544q0 14-9 23l-320 320q-9 9-23 9-13 0-22.5-9.5t-9.5-22.5v-192h-1376q-13 0-22.5-9.5t-9.5-22.5v-192q0-13 9.5-22.5t22.5-9.5h1376v-192q0-14 9-23t23-9q12 0 24 10l319 319q9 9 9 23z','&#xf0ec','rgb(255, 255, 255)',NULL,4,19),(35,'Host','rgb(198, 107, 225)','rgb(184, 70, 218)','fa-tv','border-radius: 0; border: 1px dashed;','btn-purple','M1792 288v960q0 13 -9.5 22.5t-22.5 9.5h-1600q-13 0 -22.5 -9.5t-9.5 -22.5v-960q0 -13 9.5 -22.5t22.5 -9.5h1600q13 0 22.5 9.5t9.5 22.5zM1920 1248v-960q0 -66 -47 -113t-113 -47h-736v-128h352q14 0 23 -9t9 -23v-64q0 -14 -9 -23t-23 -9h-832q-14 0 -23 9t-9 23 v64q0 14 9 23t23 9h352v128h-736q-66 0 -113 47t-47 113v960q0 66 47 113t113 47h1600q66 0 113 -47t47 -113z','&#xf26c','rgb(51, 51, 51)',NULL,5,24),(40,'Component Group','rgb(255, 255, 255)','rgb(255, 255, 255)','fa-object-group','border-radius: 0; border: 1px dashed;','btn-default','M2048 1152h-128v-1024h128v-384h-384v128h-1280v-128h-384v384h128v1024h-128v384h384v-128h1280v128h384v-384zM1792 1408v-128h128v128h-128zM128 1408v-128h128v128h-128zM256 -128v128h-128v-128h128zM1664 0v128h128v1024h-128v128h-1280v-128h-128v-1024h128v-128 h1280zM1920 -128v128h-128v-128h128zM1280 896h384v-768h-896v256h-384v768h896v-256zM512 512h640v512h-640v-512zM1536 256v512h-256v-384h-384v-128h640z','&#xf247','rgb(51, 51, 51)',NULL,6,8),(45,'Component Link','rgb(255, 255, 255)','rgb(255, 255, 255)','','','xx','xx','','rgb(255, 255, 255)',NULL,7,7),(50,'Docker','rgb(51, 122, 183)','rgb(46, 109, 164)','fa-cog','border-radius: 0;','btn-primary','M1024 640q0 106 -75 181t-181 75t-181 -75t-75 -181t75 -181t181 -75t181 75t75 181zM1536 749v-222q0 -12 -8 -23t-20 -13l-185 -28q-19 -54 -39 -91q35 -50 107 -138q10 -12 10 -25t-9 -23q-27 -37 -99 -108t-94 -71q-12 0 -26 9l-138 108q-44 -23 -91 -38 q-16 -136 -29 -186q-7 -28 -36 -28h-222q-14 0 -24.5 8.5t-11.5 21.5l-28 184q-49 16 -90 37l-141 -107q-10 -9 -25 -9q-14 0 -25 11q-126 114 -165 168q-7 10 -7 23q0 12 8 23q15 21 51 66.5t54 70.5q-27 50 -41 99l-183 27q-13 2 -21 12.5t-8 23.5v222q0 12 8 23t19 13 l186 28q14 46 39 92q-40 57 -107 138q-10 12 -10 24q0 10 9 23q26 36 98.5 107.5t94.5 71.5q13 0 26 -10l138 -107q44 23 91 38q16 136 29 186q7 28 36 28h222q14 0 24.5 -8.5t11.5 -21.5l28 -184q49 -16 90 -37l142 107q9 9 24 9q13 0 25 -10q129 -119 165 -170q7 -8 7 -22 q0 -12 -8 -23q-15 -21 -51 -66.5t-54 -70.5q26 -50 41 -98l183 -28q13 -2 21 -12.5t8 -23.5z','&#xf013','rgb(255, 255, 255)',1,1,5),(70,'SWITCH.MonitoringServer','rgb(92, 184, 92)','rgb(76, 174, 76)','fa-line-chart','border-radius: 0;','btn-success','M2048 0v-128h-2048v1536h128v-1408h1920zM1920 1248v-435q0 -21 -19.5 -29.5t-35.5 7.5l-121 121l-633 -633q-10 -10 -23 -10t-23 10l-233 233l-416 -416l-192 192l585 585q10 10 23 10t23 -10l233 -233l464 464l-121 121q-16 16 -7.5 35.5t29.5 19.5h435q14 0 23 -9 t9 -23z','&#xf201','rgb(255, 255, 255)',50,1,23),(119,'MOG.InputDistributor','rgb(51, 122, 183)','rgb(46, 109, 164)','fa-cog','border-radius: 0;','btn-primary','M1024 640q0 106 -75 181t-181 75t-181 -75t-75 -181t75 -181t181 -75t181 75t75 181zM1536 749v-222q0 -12 -8 -23t-20 -13l-185 -28q-19 -54 -39 -91q35 -50 107 -138q10 -12 10 -25t-9 -23q-27 -37 -99 -108t-94 -71q-12 0 -26 9l-138 108q-44 -23 -91 -38 q-16 -136 -29 -186q-7 -28 -36 -28h-222q-14 0 -24.5 8.5t-11.5 21.5l-28 184q-49 16 -90 37l-141 -107q-10 -9 -25 -9q-14 0 -25 11q-126 114 -165 168q-7 10 -7 23q0 12 8 23q15 21 51 66.5t54 70.5q-27 50 -41 99l-183 27q-13 2 -21 12.5t-8 23.5v222q0 12 8 23t19 13 l186 28q14 46 39 92q-40 57 -107 138q-10 12 -10 24q0 10 9 23q26 36 98.5 107.5t94.5 71.5q13 0 26 -10l138 -107q44 23 91 38q16 136 29 186q7 28 36 28h222q14 0 24.5 -8.5t11.5 -21.5l28 -184q49 -16 90 -37l142 107q9 9 24 9q13 0 25 -10q129 -119 165 -170q7 -8 7 -22 q0 -12 -8 -23q-15 -21 -51 -66.5t-54 -70.5q26 -50 41 -98l183 -28q13 -2 21 -12.5t8 -23.5z','&#xf013','rgb(255, 255, 255)',50,1,31),(120,'MOG.ProxyTranscoder','rgb(51, 122, 183)','rgb(46, 109, 164)','fa-cog','border-radius: 0;','btn-primary','M1024 640q0 106 -75 181t-181 75t-181 -75t-75 -181t75 -181t181 -75t181 75t75 181zM1536 749v-222q0 -12 -8 -23t-20 -13l-185 -28q-19 -54 -39 -91q35 -50 107 -138q10 -12 10 -25t-9 -23q-27 -37 -99 -108t-94 -71q-12 0 -26 9l-138 108q-44 -23 -91 -38 q-16 -136 -29 -186q-7 -28 -36 -28h-222q-14 0 -24.5 8.5t-11.5 21.5l-28 184q-49 16 -90 37l-141 -107q-10 -9 -25 -9q-14 0 -25 11q-126 114 -165 168q-7 10 -7 23q0 12 8 23q15 21 51 66.5t54 70.5q-27 50 -41 99l-183 27q-13 2 -21 12.5t-8 23.5v222q0 12 8 23t19 13 l186 28q14 46 39 92q-40 57 -107 138q-10 12 -10 24q0 10 9 23q26 36 98.5 107.5t94.5 71.5q13 0 26 -10l138 -107q44 23 91 38q16 136 29 186q7 28 36 28h222q14 0 24.5 -8.5t11.5 -21.5l28 -184q49 -16 90 -37l142 107q9 9 24 9q13 0 25 -10q129 -119 165 -170q7 -8 7 -22 q0 -12 -8 -23q-15 -21 -51 -66.5t-54 -70.5q26 -50 41 -98l183 -28q13 -2 21 -12.5t8 -23.5z','&#xf013','rgb(255, 255, 255)',50,1,32),(121,'UL.JitsiMeet_docker','rgb(51, 122, 183)','rgb(46, 109, 164)','fa-cog','border-radius: 0;','btn-primary','M1024 640q0 106 -75 181t-181 75t-181 -75t-75 -181t75 -181t181 -75t181 75t75 181zM1536 749v-222q0 -12 -8 -23t-20 -13l-185 -28q-19 -54 -39 -91q35 -50 107 -138q10 -12 10 -25t-9 -23q-27 -37 -99 -108t-94 -71q-12 0 -26 9l-138 108q-44 -23 -91 -38 q-16 -136 -29 -186q-7 -28 -36 -28h-222q-14 0 -24.5 8.5t-11.5 21.5l-28 184q-49 16 -90 37l-141 -107q-10 -9 -25 -9q-14 0 -25 11q-126 114 -165 168q-7 10 -7 23q0 12 8 23q15 21 51 66.5t54 70.5q-27 50 -41 99l-183 27q-13 2 -21 12.5t-8 23.5v222q0 12 8 23t19 13 l186 28q14 46 39 92q-40 57 -107 138q-10 12 -10 24q0 10 9 23q26 36 98.5 107.5t94.5 71.5q13 0 26 -10l138 -107q44 23 91 38q16 136 29 186q7 28 36 28h222q14 0 24.5 -8.5t11.5 -21.5l28 -184q49 -16 90 -37l142 107q9 9 24 9q13 0 25 -10q129 -119 165 -170q7 -8 7 -22 q0 -12 -8 -23q-15 -21 -51 -66.5t-54 -70.5q26 -50 41 -98l183 -28q13 -2 21 -12.5t8 -23.5z','&#xf013','rgb(255, 255, 255)',50,1,33),(122,'LOKSORR.Bb','rgb(51, 122, 183)','rgb(46, 109, 164)','fa-cog','border-radius: 0;','btn-primary','M1024 640q0 106 -75 181t-181 75t-181 -75t-75 -181t75 -181t181 -75t181 75t75 181zM1536 749v-222q0 -12 -8 -23t-20 -13l-185 -28q-19 -54 -39 -91q35 -50 107 -138q10 -12 10 -25t-9 -23q-27 -37 -99 -108t-94 -71q-12 0 -26 9l-138 108q-44 -23 -91 -38 q-16 -136 -29 -186q-7 -28 -36 -28h-222q-14 0 -24.5 8.5t-11.5 21.5l-28 184q-49 16 -90 37l-141 -107q-10 -9 -25 -9q-14 0 -25 11q-126 114 -165 168q-7 10 -7 23q0 12 8 23q15 21 51 66.5t54 70.5q-27 50 -41 99l-183 27q-13 2 -21 12.5t-8 23.5v222q0 12 8 23t19 13 l186 28q14 46 39 92q-40 57 -107 138q-10 12 -10 24q0 10 9 23q26 36 98.5 107.5t94.5 71.5q13 0 26 -10l138 -107q44 23 91 38q16 136 29 186q7 28 36 28h222q14 0 24.5 -8.5t11.5 -21.5l28 -184q49 -16 90 -37l142 107q9 9 24 9q13 0 25 -10q129 -119 165 -170q7 -8 7 -22 q0 -12 -8 -23q-15 -21 -51 -66.5t-54 -70.5q26 -50 41 -98l183 -28q13 -2 21 -12.5t8 -23.5z','&#xf013','rgb(255, 255, 255)',50,1,34),(123,'PEDRO.SANTOS.MOG.Input_Distributor','rgb(51, 122, 183)','rgb(46, 109, 164)','fa-cog','border-radius: 0;','btn-primary','M1024 640q0 106 -75 181t-181 75t-181 -75t-75 -181t75 -181t181 -75t181 75t75 181zM1536 749v-222q0 -12 -8 -23t-20 -13l-185 -28q-19 -54 -39 -91q35 -50 107 -138q10 -12 10 -25t-9 -23q-27 -37 -99 -108t-94 -71q-12 0 -26 9l-138 108q-44 -23 -91 -38 q-16 -136 -29 -186q-7 -28 -36 -28h-222q-14 0 -24.5 8.5t-11.5 21.5l-28 184q-49 16 -90 37l-141 -107q-10 -9 -25 -9q-14 0 -25 11q-126 114 -165 168q-7 10 -7 23q0 12 8 23q15 21 51 66.5t54 70.5q-27 50 -41 99l-183 27q-13 2 -21 12.5t-8 23.5v222q0 12 8 23t19 13 l186 28q14 46 39 92q-40 57 -107 138q-10 12 -10 24q0 10 9 23q26 36 98.5 107.5t94.5 71.5q13 0 26 -10l138 -107q44 23 91 38q16 136 29 186q7 28 36 28h222q14 0 24.5 -8.5t11.5 -21.5l28 -184q49 -16 90 -37l142 107q9 9 24 9q13 0 25 -10q129 -119 165 -170q7 -8 7 -22 q0 -12 -8 -23q-15 -21 -51 -66.5t-54 -70.5q26 -50 41 -98l183 -28q13 -2 21 -12.5t8 -23.5z','&#xf013','rgb(255, 255, 255)',50,1,35),(124,'PEDRO.SANTOS.MOG.Switcher','rgb(51, 122, 183)','rgb(46, 109, 164)','fa-cog','border-radius: 0;','btn-primary','M1024 640q0 106 -75 181t-181 75t-181 -75t-75 -181t75 -181t181 -75t181 75t75 181zM1536 749v-222q0 -12 -8 -23t-20 -13l-185 -28q-19 -54 -39 -91q35 -50 107 -138q10 -12 10 -25t-9 -23q-27 -37 -99 -108t-94 -71q-12 0 -26 9l-138 108q-44 -23 -91 -38 q-16 -136 -29 -186q-7 -28 -36 -28h-222q-14 0 -24.5 8.5t-11.5 21.5l-28 184q-49 16 -90 37l-141 -107q-10 -9 -25 -9q-14 0 -25 11q-126 114 -165 168q-7 10 -7 23q0 12 8 23q15 21 51 66.5t54 70.5q-27 50 -41 99l-183 27q-13 2 -21 12.5t-8 23.5v222q0 12 8 23t19 13 l186 28q14 46 39 92q-40 57 -107 138q-10 12 -10 24q0 10 9 23q26 36 98.5 107.5t94.5 71.5q13 0 26 -10l138 -107q44 23 91 38q16 136 29 186q7 28 36 28h222q14 0 24.5 -8.5t11.5 -21.5l28 -184q49 -16 90 -37l142 107q9 9 24 9q13 0 25 -10q129 -119 165 -170q7 -8 7 -22 q0 -12 -8 -23q-15 -21 -51 -66.5t-54 -70.5q26 -50 41 -98l183 -28q13 -2 21 -12.5t8 -23.5z','&#xf013','rgb(255, 255, 255)',50,1,36),(125,'PEDRO.SANTOS.MOG.Switcher','rgb(51, 122, 183)','rgb(46, 109, 164)','fa-cog','border-radius: 0;','btn-primary','M1024 640q0 106 -75 181t-181 75t-181 -75t-75 -181t75 -181t181 -75t181 75t75 181zM1536 749v-222q0 -12 -8 -23t-20 -13l-185 -28q-19 -54 -39 -91q35 -50 107 -138q10 -12 10 -25t-9 -23q-27 -37 -99 -108t-94 -71q-12 0 -26 9l-138 108q-44 -23 -91 -38 q-16 -136 -29 -186q-7 -28 -36 -28h-222q-14 0 -24.5 8.5t-11.5 21.5l-28 184q-49 16 -90 37l-141 -107q-10 -9 -25 -9q-14 0 -25 11q-126 114 -165 168q-7 10 -7 23q0 12 8 23q15 21 51 66.5t54 70.5q-27 50 -41 99l-183 27q-13 2 -21 12.5t-8 23.5v222q0 12 8 23t19 13 l186 28q14 46 39 92q-40 57 -107 138q-10 12 -10 24q0 10 9 23q26 36 98.5 107.5t94.5 71.5q13 0 26 -10l138 -107q44 23 91 38q16 136 29 186q7 28 36 28h222q14 0 24.5 -8.5t11.5 -21.5l28 -184q49 -16 90 -37l142 107q9 9 24 9q13 0 25 -10q129 -119 165 -170q7 -8 7 -22 q0 -12 -8 -23q-15 -21 -51 -66.5t-54 -70.5q26 -50 41 -98l183 -28q13 -2 21 -12.5t8 -23.5z','&#xf013','rgb(255, 255, 255)',50,1,36),(126,'PEDRO.SANTOS.MOG.Video_Switcher','rgb(51, 122, 183)','rgb(46, 109, 164)','fa-cog','border-radius: 0;','btn-primary','M1024 640q0 106 -75 181t-181 75t-181 -75t-75 -181t75 -181t181 -75t181 75t75 181zM1536 749v-222q0 -12 -8 -23t-20 -13l-185 -28q-19 -54 -39 -91q35 -50 107 -138q10 -12 10 -25t-9 -23q-27 -37 -99 -108t-94 -71q-12 0 -26 9l-138 108q-44 -23 -91 -38 q-16 -136 -29 -186q-7 -28 -36 -28h-222q-14 0 -24.5 8.5t-11.5 21.5l-28 184q-49 16 -90 37l-141 -107q-10 -9 -25 -9q-14 0 -25 11q-126 114 -165 168q-7 10 -7 23q0 12 8 23q15 21 51 66.5t54 70.5q-27 50 -41 99l-183 27q-13 2 -21 12.5t-8 23.5v222q0 12 8 23t19 13 l186 28q14 46 39 92q-40 57 -107 138q-10 12 -10 24q0 10 9 23q26 36 98.5 107.5t94.5 71.5q13 0 26 -10l138 -107q44 23 91 38q16 136 29 186q7 28 36 28h222q14 0 24.5 -8.5t11.5 -21.5l28 -184q49 -16 90 -37l142 107q9 9 24 9q13 0 25 -10q129 -119 165 -170q7 -8 7 -22 q0 -12 -8 -23q-15 -21 -51 -66.5t-54 -70.5q26 -50 41 -98l183 -28q13 -2 21 -12.5t8 -23.5z','&#xf013','rgb(255, 255, 255)',50,1,36),(127,'PEDRO.SANTOS.MOG.Switcher','rgb(51, 122, 183)','rgb(46, 109, 164)','fa-cog','border-radius: 0;','btn-primary','M1024 640q0 106 -75 181t-181 75t-181 -75t-75 -181t75 -181t181 -75t181 75t75 181zM1536 749v-222q0 -12 -8 -23t-20 -13l-185 -28q-19 -54 -39 -91q35 -50 107 -138q10 -12 10 -25t-9 -23q-27 -37 -99 -108t-94 -71q-12 0 -26 9l-138 108q-44 -23 -91 -38 q-16 -136 -29 -186q-7 -28 -36 -28h-222q-14 0 -24.5 8.5t-11.5 21.5l-28 184q-49 16 -90 37l-141 -107q-10 -9 -25 -9q-14 0 -25 11q-126 114 -165 168q-7 10 -7 23q0 12 8 23q15 21 51 66.5t54 70.5q-27 50 -41 99l-183 27q-13 2 -21 12.5t-8 23.5v222q0 12 8 23t19 13 l186 28q14 46 39 92q-40 57 -107 138q-10 12 -10 24q0 10 9 23q26 36 98.5 107.5t94.5 71.5q13 0 26 -10l138 -107q44 23 91 38q16 136 29 186q7 28 36 28h222q14 0 24.5 -8.5t11.5 -21.5l28 -184q49 -16 90 -37l142 107q9 9 24 9q13 0 25 -10q129 -119 165 -170q7 -8 7 -22 q0 -12 -8 -23q-15 -21 -51 -66.5t-54 -70.5q26 -50 41 -98l183 -28q13 -2 21 -12.5t8 -23.5z','&#xf013','rgb(255, 255, 255)',50,1,36),(128,'PEDRO.SANTOS.Input','rgb(51, 122, 183)','rgb(46, 109, 164)','fa-cog','border-radius: 0;','btn-primary','M1024 640q0 106 -75 181t-181 75t-181 -75t-75 -181t75 -181t181 -75t181 75t75 181zM1536 749v-222q0 -12 -8 -23t-20 -13l-185 -28q-19 -54 -39 -91q35 -50 107 -138q10 -12 10 -25t-9 -23q-27 -37 -99 -108t-94 -71q-12 0 -26 9l-138 108q-44 -23 -91 -38 q-16 -136 -29 -186q-7 -28 -36 -28h-222q-14 0 -24.5 8.5t-11.5 21.5l-28 184q-49 16 -90 37l-141 -107q-10 -9 -25 -9q-14 0 -25 11q-126 114 -165 168q-7 10 -7 23q0 12 8 23q15 21 51 66.5t54 70.5q-27 50 -41 99l-183 27q-13 2 -21 12.5t-8 23.5v222q0 12 8 23t19 13 l186 28q14 46 39 92q-40 57 -107 138q-10 12 -10 24q0 10 9 23q26 36 98.5 107.5t94.5 71.5q13 0 26 -10l138 -107q44 23 91 38q16 136 29 186q7 28 36 28h222q14 0 24.5 -8.5t11.5 -21.5l28 -184q49 -16 90 -37l142 107q9 9 24 9q13 0 25 -10q129 -119 165 -170q7 -8 7 -22 q0 -12 -8 -23q-15 -21 -51 -66.5t-54 -70.5q26 -50 41 -98l183 -28q13 -2 21 -12.5t8 -23.5z','&#xf013','rgb(255, 255, 255)',50,1,37),(129,'PEDRO.SANTOS.InputDistributor','rgb(51, 122, 183)','rgb(46, 109, 164)','fa-cog','border-radius: 0;','btn-primary','M1024 640q0 106 -75 181t-181 75t-181 -75t-75 -181t75 -181t181 -75t181 75t75 181zM1536 749v-222q0 -12 -8 -23t-20 -13l-185 -28q-19 -54 -39 -91q35 -50 107 -138q10 -12 10 -25t-9 -23q-27 -37 -99 -108t-94 -71q-12 0 -26 9l-138 108q-44 -23 -91 -38 q-16 -136 -29 -186q-7 -28 -36 -28h-222q-14 0 -24.5 8.5t-11.5 21.5l-28 184q-49 16 -90 37l-141 -107q-10 -9 -25 -9q-14 0 -25 11q-126 114 -165 168q-7 10 -7 23q0 12 8 23q15 21 51 66.5t54 70.5q-27 50 -41 99l-183 27q-13 2 -21 12.5t-8 23.5v222q0 12 8 23t19 13 l186 28q14 46 39 92q-40 57 -107 138q-10 12 -10 24q0 10 9 23q26 36 98.5 107.5t94.5 71.5q13 0 26 -10l138 -107q44 23 91 38q16 136 29 186q7 28 36 28h222q14 0 24.5 -8.5t11.5 -21.5l28 -184q49 -16 90 -37l142 107q9 9 24 9q13 0 25 -10q129 -119 165 -170q7 -8 7 -22 q0 -12 -8 -23q-15 -21 -51 -66.5t-54 -70.5q26 -50 41 -98l183 -28q13 -2 21 -12.5t8 -23.5z','&#xf013','rgb(255, 255, 255)',50,1,38),(130,'PEDRO.SANTOS.InputDistributor','rgb(51, 122, 183)','rgb(46, 109, 164)','fa-cog','border-radius: 0;','btn-primary','M1024 640q0 106 -75 181t-181 75t-181 -75t-75 -181t75 -181t181 -75t181 75t75 181zM1536 749v-222q0 -12 -8 -23t-20 -13l-185 -28q-19 -54 -39 -91q35 -50 107 -138q10 -12 10 -25t-9 -23q-27 -37 -99 -108t-94 -71q-12 0 -26 9l-138 108q-44 -23 -91 -38 q-16 -136 -29 -186q-7 -28 -36 -28h-222q-14 0 -24.5 8.5t-11.5 21.5l-28 184q-49 16 -90 37l-141 -107q-10 -9 -25 -9q-14 0 -25 11q-126 114 -165 168q-7 10 -7 23q0 12 8 23q15 21 51 66.5t54 70.5q-27 50 -41 99l-183 27q-13 2 -21 12.5t-8 23.5v222q0 12 8 23t19 13 l186 28q14 46 39 92q-40 57 -107 138q-10 12 -10 24q0 10 9 23q26 36 98.5 107.5t94.5 71.5q13 0 26 -10l138 -107q44 23 91 38q16 136 29 186q7 28 36 28h222q14 0 24.5 -8.5t11.5 -21.5l28 -184q49 -16 90 -37l142 107q9 9 24 9q13 0 25 -10q129 -119 165 -170q7 -8 7 -22 q0 -12 -8 -23q-15 -21 -51 -66.5t-54 -70.5q26 -50 41 -98l183 -28q13 -2 21 -12.5t8 -23.5z','&#xf013','rgb(255, 255, 255)',50,1,38),(131,'PEDRO.SANTOS.InputDistributor.Cardiff','rgb(51, 122, 183)','rgb(46, 109, 164)','fa-cog','border-radius: 0;','btn-primary','M1024 640q0 106 -75 181t-181 75t-181 -75t-75 -181t75 -181t181 -75t181 75t75 181zM1536 749v-222q0 -12 -8 -23t-20 -13l-185 -28q-19 -54 -39 -91q35 -50 107 -138q10 -12 10 -25t-9 -23q-27 -37 -99 -108t-94 -71q-12 0 -26 9l-138 108q-44 -23 -91 -38 q-16 -136 -29 -186q-7 -28 -36 -28h-222q-14 0 -24.5 8.5t-11.5 21.5l-28 184q-49 16 -90 37l-141 -107q-10 -9 -25 -9q-14 0 -25 11q-126 114 -165 168q-7 10 -7 23q0 12 8 23q15 21 51 66.5t54 70.5q-27 50 -41 99l-183 27q-13 2 -21 12.5t-8 23.5v222q0 12 8 23t19 13 l186 28q14 46 39 92q-40 57 -107 138q-10 12 -10 24q0 10 9 23q26 36 98.5 107.5t94.5 71.5q13 0 26 -10l138 -107q44 23 91 38q16 136 29 186q7 28 36 28h222q14 0 24.5 -8.5t11.5 -21.5l28 -184q49 -16 90 -37l142 107q9 9 24 9q13 0 25 -10q129 -119 165 -170q7 -8 7 -22 q0 -12 -8 -23q-15 -21 -51 -66.5t-54 -70.5q26 -50 41 -98l183 -28q13 -2 21 -12.5t8 -23.5z','&#xf013','rgb(255, 255, 255)',50,1,39),(132,'PEDRO.SANTOS.OutputTranscoder.Cardiff','rgb(51, 122, 183)','rgb(46, 109, 164)','fa-cog','border-radius: 0;','btn-primary','M1024 640q0 106 -75 181t-181 75t-181 -75t-75 -181t75 -181t181 -75t181 75t75 181zM1536 749v-222q0 -12 -8 -23t-20 -13l-185 -28q-19 -54 -39 -91q35 -50 107 -138q10 -12 10 -25t-9 -23q-27 -37 -99 -108t-94 -71q-12 0 -26 9l-138 108q-44 -23 -91 -38 q-16 -136 -29 -186q-7 -28 -36 -28h-222q-14 0 -24.5 8.5t-11.5 21.5l-28 184q-49 16 -90 37l-141 -107q-10 -9 -25 -9q-14 0 -25 11q-126 114 -165 168q-7 10 -7 23q0 12 8 23q15 21 51 66.5t54 70.5q-27 50 -41 99l-183 27q-13 2 -21 12.5t-8 23.5v222q0 12 8 23t19 13 l186 28q14 46 39 92q-40 57 -107 138q-10 12 -10 24q0 10 9 23q26 36 98.5 107.5t94.5 71.5q13 0 26 -10l138 -107q44 23 91 38q16 136 29 186q7 28 36 28h222q14 0 24.5 -8.5t11.5 -21.5l28 -184q49 -16 90 -37l142 107q9 9 24 9q13 0 25 -10q129 -119 165 -170q7 -8 7 -22 q0 -12 -8 -23q-15 -21 -51 -66.5t-54 -70.5q26 -50 41 -98l183 -28q13 -2 21 -12.5t8 -23.5z','&#xf013','rgb(255, 255, 255)',50,1,40),(133,'PEDRO.SANTOS.ProxyTranscoder.Cardiff','rgb(51, 122, 183)','rgb(46, 109, 164)','fa-cog','border-radius: 0;','btn-primary','M1024 640q0 106 -75 181t-181 75t-181 -75t-75 -181t75 -181t181 -75t181 75t75 181zM1536 749v-222q0 -12 -8 -23t-20 -13l-185 -28q-19 -54 -39 -91q35 -50 107 -138q10 -12 10 -25t-9 -23q-27 -37 -99 -108t-94 -71q-12 0 -26 9l-138 108q-44 -23 -91 -38 q-16 -136 -29 -186q-7 -28 -36 -28h-222q-14 0 -24.5 8.5t-11.5 21.5l-28 184q-49 16 -90 37l-141 -107q-10 -9 -25 -9q-14 0 -25 11q-126 114 -165 168q-7 10 -7 23q0 12 8 23q15 21 51 66.5t54 70.5q-27 50 -41 99l-183 27q-13 2 -21 12.5t-8 23.5v222q0 12 8 23t19 13 l186 28q14 46 39 92q-40 57 -107 138q-10 12 -10 24q0 10 9 23q26 36 98.5 107.5t94.5 71.5q13 0 26 -10l138 -107q44 23 91 38q16 136 29 186q7 28 36 28h222q14 0 24.5 -8.5t11.5 -21.5l28 -184q49 -16 90 -37l142 107q9 9 24 9q13 0 25 -10q129 -119 165 -170q7 -8 7 -22 q0 -12 -8 -23q-15 -21 -51 -66.5t-54 -70.5q26 -50 41 -98l183 -28q13 -2 21 -12.5t8 -23.5z','&#xf013','rgb(255, 255, 255)',50,1,41),(134,'PEDRO.SANTOS.Switcher.Cardiff','rgb(51, 122, 183)','rgb(46, 109, 164)','fa-cog','border-radius: 0;','btn-primary','M1024 640q0 106 -75 181t-181 75t-181 -75t-75 -181t75 -181t181 -75t181 75t75 181zM1536 749v-222q0 -12 -8 -23t-20 -13l-185 -28q-19 -54 -39 -91q35 -50 107 -138q10 -12 10 -25t-9 -23q-27 -37 -99 -108t-94 -71q-12 0 -26 9l-138 108q-44 -23 -91 -38 q-16 -136 -29 -186q-7 -28 -36 -28h-222q-14 0 -24.5 8.5t-11.5 21.5l-28 184q-49 16 -90 37l-141 -107q-10 -9 -25 -9q-14 0 -25 11q-126 114 -165 168q-7 10 -7 23q0 12 8 23q15 21 51 66.5t54 70.5q-27 50 -41 99l-183 27q-13 2 -21 12.5t-8 23.5v222q0 12 8 23t19 13 l186 28q14 46 39 92q-40 57 -107 138q-10 12 -10 24q0 10 9 23q26 36 98.5 107.5t94.5 71.5q13 0 26 -10l138 -107q44 23 91 38q16 136 29 186q7 28 36 28h222q14 0 24.5 -8.5t11.5 -21.5l28 -184q49 -16 90 -37l142 107q9 9 24 9q13 0 25 -10q129 -119 165 -170q7 -8 7 -22 q0 -12 -8 -23q-15 -21 -51 -66.5t-54 -70.5q26 -50 41 -98l183 -28q13 -2 21 -12.5t8 -23.5z','&#xf013','rgb(255, 255, 255)',50,1,42),(135,'BEIA.Gateway','rgb(51, 122, 183)','rgb(46, 109, 164)','fa-cog','border-radius: 0;','btn-primary','M1024 640q0 106 -75 181t-181 75t-181 -75t-75 -181t75 -181t181 -75t181 75t75 181zM1536 749v-222q0 -12 -8 -23t-20 -13l-185 -28q-19 -54 -39 -91q35 -50 107 -138q10 -12 10 -25t-9 -23q-27 -37 -99 -108t-94 -71q-12 0 -26 9l-138 108q-44 -23 -91 -38 q-16 -136 -29 -186q-7 -28 -36 -28h-222q-14 0 -24.5 8.5t-11.5 21.5l-28 184q-49 16 -90 37l-141 -107q-10 -9 -25 -9q-14 0 -25 11q-126 114 -165 168q-7 10 -7 23q0 12 8 23q15 21 51 66.5t54 70.5q-27 50 -41 99l-183 27q-13 2 -21 12.5t-8 23.5v222q0 12 8 23t19 13 l186 28q14 46 39 92q-40 57 -107 138q-10 12 -10 24q0 10 9 23q26 36 98.5 107.5t94.5 71.5q13 0 26 -10l138 -107q44 23 91 38q16 136 29 186q7 28 36 28h222q14 0 24.5 -8.5t11.5 -21.5l28 -184q49 -16 90 -37l142 107q9 9 24 9q13 0 25 -10q129 -119 165 -170q7 -8 7 -22 q0 -12 -8 -23q-15 -21 -51 -66.5t-54 -70.5q26 -50 41 -98l183 -28q13 -2 21 -12.5t8 -23.5z','&#xf013','rgb(255, 255, 255)',50,1,43),(136,'VLAD_THE_IMPALER.RTUSensorDataAcquisition','rgb(51, 122, 183)','rgb(46, 109, 164)','fa-cog','border-radius: 0;','btn-primary','M1024 640q0 106 -75 181t-181 75t-181 -75t-75 -181t75 -181t181 -75t181 75t75 181zM1536 749v-222q0 -12 -8 -23t-20 -13l-185 -28q-19 -54 -39 -91q35 -50 107 -138q10 -12 10 -25t-9 -23q-27 -37 -99 -108t-94 -71q-12 0 -26 9l-138 108q-44 -23 -91 -38 q-16 -136 -29 -186q-7 -28 -36 -28h-222q-14 0 -24.5 8.5t-11.5 21.5l-28 184q-49 16 -90 37l-141 -107q-10 -9 -25 -9q-14 0 -25 11q-126 114 -165 168q-7 10 -7 23q0 12 8 23q15 21 51 66.5t54 70.5q-27 50 -41 99l-183 27q-13 2 -21 12.5t-8 23.5v222q0 12 8 23t19 13 l186 28q14 46 39 92q-40 57 -107 138q-10 12 -10 24q0 10 9 23q26 36 98.5 107.5t94.5 71.5q13 0 26 -10l138 -107q44 23 91 38q16 136 29 186q7 28 36 28h222q14 0 24.5 -8.5t11.5 -21.5l28 -184q49 -16 90 -37l142 107q9 9 24 9q13 0 25 -10q129 -119 165 -170q7 -8 7 -22 q0 -12 -8 -23q-15 -21 -51 -66.5t-54 -70.5q26 -50 41 -98l183 -28q13 -2 21 -12.5t8 -23.5z','&#xf013','rgb(255, 255, 255)',50,1,44),(137,'BEIA.RTUSensorDataAcquisition','rgb(51, 122, 183)','rgb(46, 109, 164)','fa-cog','border-radius: 0;','btn-primary','M1024 640q0 106 -75 181t-181 75t-181 -75t-75 -181t75 -181t181 -75t181 75t75 181zM1536 749v-222q0 -12 -8 -23t-20 -13l-185 -28q-19 -54 -39 -91q35 -50 107 -138q10 -12 10 -25t-9 -23q-27 -37 -99 -108t-94 -71q-12 0 -26 9l-138 108q-44 -23 -91 -38 q-16 -136 -29 -186q-7 -28 -36 -28h-222q-14 0 -24.5 8.5t-11.5 21.5l-28 184q-49 16 -90 37l-141 -107q-10 -9 -25 -9q-14 0 -25 11q-126 114 -165 168q-7 10 -7 23q0 12 8 23q15 21 51 66.5t54 70.5q-27 50 -41 99l-183 27q-13 2 -21 12.5t-8 23.5v222q0 12 8 23t19 13 l186 28q14 46 39 92q-40 57 -107 138q-10 12 -10 24q0 10 9 23q26 36 98.5 107.5t94.5 71.5q13 0 26 -10l138 -107q44 23 91 38q16 136 29 186q7 28 36 28h222q14 0 24.5 -8.5t11.5 -21.5l28 -184q49 -16 90 -37l142 107q9 9 24 9q13 0 25 -10q129 -119 165 -170q7 -8 7 -22 q0 -12 -8 -23q-15 -21 -51 -66.5t-54 -70.5q26 -50 41 -98l183 -28q13 -2 21 -12.5t8 -23.5z','&#xf013','rgb(255, 255, 255)',50,1,45),(138,'BEIA.RTUSensorDataAcquisition','rgb(51, 122, 183)','rgb(46, 109, 164)','fa-cog','border-radius: 0;','btn-primary','M1024 640q0 106 -75 181t-181 75t-181 -75t-75 -181t75 -181t181 -75t181 75t75 181zM1536 749v-222q0 -12 -8 -23t-20 -13l-185 -28q-19 -54 -39 -91q35 -50 107 -138q10 -12 10 -25t-9 -23q-27 -37 -99 -108t-94 -71q-12 0 -26 9l-138 108q-44 -23 -91 -38 q-16 -136 -29 -186q-7 -28 -36 -28h-222q-14 0 -24.5 8.5t-11.5 21.5l-28 184q-49 16 -90 37l-141 -107q-10 -9 -25 -9q-14 0 -25 11q-126 114 -165 168q-7 10 -7 23q0 12 8 23q15 21 51 66.5t54 70.5q-27 50 -41 99l-183 27q-13 2 -21 12.5t-8 23.5v222q0 12 8 23t19 13 l186 28q14 46 39 92q-40 57 -107 138q-10 12 -10 24q0 10 9 23q26 36 98.5 107.5t94.5 71.5q13 0 26 -10l138 -107q44 23 91 38q16 136 29 186q7 28 36 28h222q14 0 24.5 -8.5t11.5 -21.5l28 -184q49 -16 90 -37l142 107q9 9 24 9q13 0 25 -10q129 -119 165 -170q7 -8 7 -22 q0 -12 -8 -23q-15 -21 -51 -66.5t-54 -70.5q26 -50 41 -98l183 -28q13 -2 21 -12.5t8 -23.5z','&#xf013','rgb(255, 255, 255)',50,1,45),(139,'BEIA.DB','rgb(51, 122, 183)','rgb(46, 109, 164)','fa-cog','border-radius: 0;','btn-primary','M1024 640q0 106 -75 181t-181 75t-181 -75t-75 -181t75 -181t181 -75t181 75t75 181zM1536 749v-222q0 -12 -8 -23t-20 -13l-185 -28q-19 -54 -39 -91q35 -50 107 -138q10 -12 10 -25t-9 -23q-27 -37 -99 -108t-94 -71q-12 0 -26 9l-138 108q-44 -23 -91 -38 q-16 -136 -29 -186q-7 -28 -36 -28h-222q-14 0 -24.5 8.5t-11.5 21.5l-28 184q-49 16 -90 37l-141 -107q-10 -9 -25 -9q-14 0 -25 11q-126 114 -165 168q-7 10 -7 23q0 12 8 23q15 21 51 66.5t54 70.5q-27 50 -41 99l-183 27q-13 2 -21 12.5t-8 23.5v222q0 12 8 23t19 13 l186 28q14 46 39 92q-40 57 -107 138q-10 12 -10 24q0 10 9 23q26 36 98.5 107.5t94.5 71.5q13 0 26 -10l138 -107q44 23 91 38q16 136 29 186q7 28 36 28h222q14 0 24.5 -8.5t11.5 -21.5l28 -184q49 -16 90 -37l142 107q9 9 24 9q13 0 25 -10q129 -119 165 -170q7 -8 7 -22 q0 -12 -8 -23q-15 -21 -51 -66.5t-54 -70.5q26 -50 41 -98l183 -28q13 -2 21 -12.5t8 -23.5z','&#xf013','rgb(255, 255, 255)',50,1,46),(140,'BEIA.RTUSensorData','rgb(51, 122, 183)','rgb(46, 109, 164)','fa-cog','border-radius: 0;','btn-primary','M1024 640q0 106 -75 181t-181 75t-181 -75t-75 -181t75 -181t181 -75t181 75t75 181zM1536 749v-222q0 -12 -8 -23t-20 -13l-185 -28q-19 -54 -39 -91q35 -50 107 -138q10 -12 10 -25t-9 -23q-27 -37 -99 -108t-94 -71q-12 0 -26 9l-138 108q-44 -23 -91 -38 q-16 -136 -29 -186q-7 -28 -36 -28h-222q-14 0 -24.5 8.5t-11.5 21.5l-28 184q-49 16 -90 37l-141 -107q-10 -9 -25 -9q-14 0 -25 11q-126 114 -165 168q-7 10 -7 23q0 12 8 23q15 21 51 66.5t54 70.5q-27 50 -41 99l-183 27q-13 2 -21 12.5t-8 23.5v222q0 12 8 23t19 13 l186 28q14 46 39 92q-40 57 -107 138q-10 12 -10 24q0 10 9 23q26 36 98.5 107.5t94.5 71.5q13 0 26 -10l138 -107q44 23 91 38q16 136 29 186q7 28 36 28h222q14 0 24.5 -8.5t11.5 -21.5l28 -184q49 -16 90 -37l142 107q9 9 24 9q13 0 25 -10q129 -119 165 -170q7 -8 7 -22 q0 -12 -8 -23q-15 -21 -51 -66.5t-54 -70.5q26 -50 41 -98l183 -28q13 -2 21 -12.5t8 -23.5z','&#xf013','rgb(255, 255, 255)',50,1,47),(141,'BEIA.RTUSensorDataGathering','rgb(51, 122, 183)','rgb(46, 109, 164)','fa-cog','border-radius: 0;','btn-primary','M1024 640q0 106 -75 181t-181 75t-181 -75t-75 -181t75 -181t181 -75t181 75t75 181zM1536 749v-222q0 -12 -8 -23t-20 -13l-185 -28q-19 -54 -39 -91q35 -50 107 -138q10 -12 10 -25t-9 -23q-27 -37 -99 -108t-94 -71q-12 0 -26 9l-138 108q-44 -23 -91 -38 q-16 -136 -29 -186q-7 -28 -36 -28h-222q-14 0 -24.5 8.5t-11.5 21.5l-28 184q-49 16 -90 37l-141 -107q-10 -9 -25 -9q-14 0 -25 11q-126 114 -165 168q-7 10 -7 23q0 12 8 23q15 21 51 66.5t54 70.5q-27 50 -41 99l-183 27q-13 2 -21 12.5t-8 23.5v222q0 12 8 23t19 13 l186 28q14 46 39 92q-40 57 -107 138q-10 12 -10 24q0 10 9 23q26 36 98.5 107.5t94.5 71.5q13 0 26 -10l138 -107q44 23 91 38q16 136 29 186q7 28 36 28h222q14 0 24.5 -8.5t11.5 -21.5l28 -184q49 -16 90 -37l142 107q9 9 24 9q13 0 25 -10q129 -119 165 -170q7 -8 7 -22 q0 -12 -8 -23q-15 -21 -51 -66.5t-54 -70.5q26 -50 41 -98l183 -28q13 -2 21 -12.5t8 -23.5z','&#xf013','rgb(255, 255, 255)',50,1,45),(142,'BEIA.Acquisition','rgb(51, 122, 183)','rgb(46, 109, 164)','fa-cog','border-radius: 0;','btn-primary','M1024 640q0 106 -75 181t-181 75t-181 -75t-75 -181t75 -181t181 -75t181 75t75 181zM1536 749v-222q0 -12 -8 -23t-20 -13l-185 -28q-19 -54 -39 -91q35 -50 107 -138q10 -12 10 -25t-9 -23q-27 -37 -99 -108t-94 -71q-12 0 -26 9l-138 108q-44 -23 -91 -38 q-16 -136 -29 -186q-7 -28 -36 -28h-222q-14 0 -24.5 8.5t-11.5 21.5l-28 184q-49 16 -90 37l-141 -107q-10 -9 -25 -9q-14 0 -25 11q-126 114 -165 168q-7 10 -7 23q0 12 8 23q15 21 51 66.5t54 70.5q-27 50 -41 99l-183 27q-13 2 -21 12.5t-8 23.5v222q0 12 8 23t19 13 l186 28q14 46 39 92q-40 57 -107 138q-10 12 -10 24q0 10 9 23q26 36 98.5 107.5t94.5 71.5q13 0 26 -10l138 -107q44 23 91 38q16 136 29 186q7 28 36 28h222q14 0 24.5 -8.5t11.5 -21.5l28 -184q49 -16 90 -37l142 107q9 9 24 9q13 0 25 -10q129 -119 165 -170q7 -8 7 -22 q0 -12 -8 -23q-15 -21 -51 -66.5t-54 -70.5q26 -50 41 -98l183 -28q13 -2 21 -12.5t8 -23.5z','&#xf013','rgb(255, 255, 255)',50,1,48),(143,'BEIA.RTUSensorData','rgb(51, 122, 183)','rgb(46, 109, 164)','fa-cog','border-radius: 0;','btn-primary','M1024 640q0 106 -75 181t-181 75t-181 -75t-75 -181t75 -181t181 -75t181 75t75 181zM1536 749v-222q0 -12 -8 -23t-20 -13l-185 -28q-19 -54 -39 -91q35 -50 107 -138q10 -12 10 -25t-9 -23q-27 -37 -99 -108t-94 -71q-12 0 -26 9l-138 108q-44 -23 -91 -38 q-16 -136 -29 -186q-7 -28 -36 -28h-222q-14 0 -24.5 8.5t-11.5 21.5l-28 184q-49 16 -90 37l-141 -107q-10 -9 -25 -9q-14 0 -25 11q-126 114 -165 168q-7 10 -7 23q0 12 8 23q15 21 51 66.5t54 70.5q-27 50 -41 99l-183 27q-13 2 -21 12.5t-8 23.5v222q0 12 8 23t19 13 l186 28q14 46 39 92q-40 57 -107 138q-10 12 -10 24q0 10 9 23q26 36 98.5 107.5t94.5 71.5q13 0 26 -10l138 -107q44 23 91 38q16 136 29 186q7 28 36 28h222q14 0 24.5 -8.5t11.5 -21.5l28 -184q49 -16 90 -37l142 107q9 9 24 9q13 0 25 -10q129 -119 165 -170q7 -8 7 -22 q0 -12 -8 -23q-15 -21 -51 -66.5t-54 -70.5q26 -50 41 -98l183 -28q13 -2 21 -12.5t8 -23.5z','&#xf013','rgb(255, 255, 255)',50,1,47),(144,'BEIA.NotificationServer','rgb(51, 122, 183)','rgb(46, 109, 164)','fa-cog','border-radius: 0;','btn-primary','M1024 640q0 106 -75 181t-181 75t-181 -75t-75 -181t75 -181t181 -75t181 75t75 181zM1536 749v-222q0 -12 -8 -23t-20 -13l-185 -28q-19 -54 -39 -91q35 -50 107 -138q10 -12 10 -25t-9 -23q-27 -37 -99 -108t-94 -71q-12 0 -26 9l-138 108q-44 -23 -91 -38 q-16 -136 -29 -186q-7 -28 -36 -28h-222q-14 0 -24.5 8.5t-11.5 21.5l-28 184q-49 16 -90 37l-141 -107q-10 -9 -25 -9q-14 0 -25 11q-126 114 -165 168q-7 10 -7 23q0 12 8 23q15 21 51 66.5t54 70.5q-27 50 -41 99l-183 27q-13 2 -21 12.5t-8 23.5v222q0 12 8 23t19 13 l186 28q14 46 39 92q-40 57 -107 138q-10 12 -10 24q0 10 9 23q26 36 98.5 107.5t94.5 71.5q13 0 26 -10l138 -107q44 23 91 38q16 136 29 186q7 28 36 28h222q14 0 24.5 -8.5t11.5 -21.5l28 -184q49 -16 90 -37l142 107q9 9 24 9q13 0 25 -10q129 -119 165 -170q7 -8 7 -22 q0 -12 -8 -23q-15 -21 -51 -66.5t-54 -70.5q26 -50 41 -98l183 -28q13 -2 21 -12.5t8 -23.5z','&#xf013','rgb(255, 255, 255)',50,1,49),(145,'BEIA.RTUSensorDataManagement','rgb(51, 122, 183)','rgb(46, 109, 164)','fa-cog','border-radius: 0;','btn-primary','M1024 640q0 106 -75 181t-181 75t-181 -75t-75 -181t75 -181t181 -75t181 75t75 181zM1536 749v-222q0 -12 -8 -23t-20 -13l-185 -28q-19 -54 -39 -91q35 -50 107 -138q10 -12 10 -25t-9 -23q-27 -37 -99 -108t-94 -71q-12 0 -26 9l-138 108q-44 -23 -91 -38 q-16 -136 -29 -186q-7 -28 -36 -28h-222q-14 0 -24.5 8.5t-11.5 21.5l-28 184q-49 16 -90 37l-141 -107q-10 -9 -25 -9q-14 0 -25 11q-126 114 -165 168q-7 10 -7 23q0 12 8 23q15 21 51 66.5t54 70.5q-27 50 -41 99l-183 27q-13 2 -21 12.5t-8 23.5v222q0 12 8 23t19 13 l186 28q14 46 39 92q-40 57 -107 138q-10 12 -10 24q0 10 9 23q26 36 98.5 107.5t94.5 71.5q13 0 26 -10l138 -107q44 23 91 38q16 136 29 186q7 28 36 28h222q14 0 24.5 -8.5t11.5 -21.5l28 -184q49 -16 90 -37l142 107q9 9 24 9q13 0 25 -10q129 -119 165 -170q7 -8 7 -22 q0 -12 -8 -23q-15 -21 -51 -66.5t-54 -70.5q26 -50 41 -98l183 -28q13 -2 21 -12.5t8 -23.5z','&#xf013','rgb(255, 255, 255)',50,1,50),(146,'BEIA_V1.RTUSensorDataAcquisitions','rgb(51, 122, 183)','rgb(46, 109, 164)','fa-cog','border-radius: 0;','btn-primary','M1024 640q0 106 -75 181t-181 75t-181 -75t-75 -181t75 -181t181 -75t181 75t75 181zM1536 749v-222q0 -12 -8 -23t-20 -13l-185 -28q-19 -54 -39 -91q35 -50 107 -138q10 -12 10 -25t-9 -23q-27 -37 -99 -108t-94 -71q-12 0 -26 9l-138 108q-44 -23 -91 -38 q-16 -136 -29 -186q-7 -28 -36 -28h-222q-14 0 -24.5 8.5t-11.5 21.5l-28 184q-49 16 -90 37l-141 -107q-10 -9 -25 -9q-14 0 -25 11q-126 114 -165 168q-7 10 -7 23q0 12 8 23q15 21 51 66.5t54 70.5q-27 50 -41 99l-183 27q-13 2 -21 12.5t-8 23.5v222q0 12 8 23t19 13 l186 28q14 46 39 92q-40 57 -107 138q-10 12 -10 24q0 10 9 23q26 36 98.5 107.5t94.5 71.5q13 0 26 -10l138 -107q44 23 91 38q16 136 29 186q7 28 36 28h222q14 0 24.5 -8.5t11.5 -21.5l28 -184q49 -16 90 -37l142 107q9 9 24 9q13 0 25 -10q129 -119 165 -170q7 -8 7 -22 q0 -12 -8 -23q-15 -21 -51 -66.5t-54 -70.5q26 -50 41 -98l183 -28q13 -2 21 -12.5t8 -23.5z','&#xf013','rgb(255, 255, 255)',50,1,51),(147,'BEIA_V1.RTUSensorDataAcquisitions','rgb(51, 122, 183)','rgb(46, 109, 164)','fa-cog','border-radius: 0;','btn-primary','M1024 640q0 106 -75 181t-181 75t-181 -75t-75 -181t75 -181t181 -75t181 75t75 181zM1536 749v-222q0 -12 -8 -23t-20 -13l-185 -28q-19 -54 -39 -91q35 -50 107 -138q10 -12 10 -25t-9 -23q-27 -37 -99 -108t-94 -71q-12 0 -26 9l-138 108q-44 -23 -91 -38 q-16 -136 -29 -186q-7 -28 -36 -28h-222q-14 0 -24.5 8.5t-11.5 21.5l-28 184q-49 16 -90 37l-141 -107q-10 -9 -25 -9q-14 0 -25 11q-126 114 -165 168q-7 10 -7 23q0 12 8 23q15 21 51 66.5t54 70.5q-27 50 -41 99l-183 27q-13 2 -21 12.5t-8 23.5v222q0 12 8 23t19 13 l186 28q14 46 39 92q-40 57 -107 138q-10 12 -10 24q0 10 9 23q26 36 98.5 107.5t94.5 71.5q13 0 26 -10l138 -107q44 23 91 38q16 136 29 186q7 28 36 28h222q14 0 24.5 -8.5t11.5 -21.5l28 -184q49 -16 90 -37l142 107q9 9 24 9q13 0 25 -10q129 -119 165 -170q7 -8 7 -22 q0 -12 -8 -23q-15 -21 -51 -66.5t-54 -70.5q26 -50 41 -98l183 -28q13 -2 21 -12.5t8 -23.5z','&#xf013','rgb(255, 255, 255)',50,1,51),(148,'BEIA_V1.RTUSensorDataAcquisitionss','rgb(51, 122, 183)','rgb(46, 109, 164)','fa-cog','border-radius: 0;','btn-primary','M1024 640q0 106 -75 181t-181 75t-181 -75t-75 -181t75 -181t181 -75t181 75t75 181zM1536 749v-222q0 -12 -8 -23t-20 -13l-185 -28q-19 -54 -39 -91q35 -50 107 -138q10 -12 10 -25t-9 -23q-27 -37 -99 -108t-94 -71q-12 0 -26 9l-138 108q-44 -23 -91 -38 q-16 -136 -29 -186q-7 -28 -36 -28h-222q-14 0 -24.5 8.5t-11.5 21.5l-28 184q-49 16 -90 37l-141 -107q-10 -9 -25 -9q-14 0 -25 11q-126 114 -165 168q-7 10 -7 23q0 12 8 23q15 21 51 66.5t54 70.5q-27 50 -41 99l-183 27q-13 2 -21 12.5t-8 23.5v222q0 12 8 23t19 13 l186 28q14 46 39 92q-40 57 -107 138q-10 12 -10 24q0 10 9 23q26 36 98.5 107.5t94.5 71.5q13 0 26 -10l138 -107q44 23 91 38q16 136 29 186q7 28 36 28h222q14 0 24.5 -8.5t11.5 -21.5l28 -184q49 -16 90 -37l142 107q9 9 24 9q13 0 25 -10q129 -119 165 -170q7 -8 7 -22 q0 -12 -8 -23q-15 -21 -51 -66.5t-54 -70.5q26 -50 41 -98l183 -28q13 -2 21 -12.5t8 -23.5z','&#xf013','rgb(255, 255, 255)',50,1,52),(149,'BEIA_V1.DatabaseServer','rgb(51, 122, 183)','rgb(46, 109, 164)','fa-cog','border-radius: 0;','btn-primary','M1024 640q0 106 -75 181t-181 75t-181 -75t-75 -181t75 -181t181 -75t181 75t75 181zM1536 749v-222q0 -12 -8 -23t-20 -13l-185 -28q-19 -54 -39 -91q35 -50 107 -138q10 -12 10 -25t-9 -23q-27 -37 -99 -108t-94 -71q-12 0 -26 9l-138 108q-44 -23 -91 -38 q-16 -136 -29 -186q-7 -28 -36 -28h-222q-14 0 -24.5 8.5t-11.5 21.5l-28 184q-49 16 -90 37l-141 -107q-10 -9 -25 -9q-14 0 -25 11q-126 114 -165 168q-7 10 -7 23q0 12 8 23q15 21 51 66.5t54 70.5q-27 50 -41 99l-183 27q-13 2 -21 12.5t-8 23.5v222q0 12 8 23t19 13 l186 28q14 46 39 92q-40 57 -107 138q-10 12 -10 24q0 10 9 23q26 36 98.5 107.5t94.5 71.5q13 0 26 -10l138 -107q44 23 91 38q16 136 29 186q7 28 36 28h222q14 0 24.5 -8.5t11.5 -21.5l28 -184q49 -16 90 -37l142 107q9 9 24 9q13 0 25 -10q129 -119 165 -170q7 -8 7 -22 q0 -12 -8 -23q-15 -21 -51 -66.5t-54 -70.5q26 -50 41 -98l183 -28q13 -2 21 -12.5t8 -23.5z','&#xf013','rgb(255, 255, 255)',50,1,53),(150,'BEIA_V1.RTUSensorDataAcquisitions','rgb(51, 122, 183)','rgb(46, 109, 164)','fa-cog','border-radius: 0;','btn-primary','M1024 640q0 106 -75 181t-181 75t-181 -75t-75 -181t75 -181t181 -75t181 75t75 181zM1536 749v-222q0 -12 -8 -23t-20 -13l-185 -28q-19 -54 -39 -91q35 -50 107 -138q10 -12 10 -25t-9 -23q-27 -37 -99 -108t-94 -71q-12 0 -26 9l-138 108q-44 -23 -91 -38 q-16 -136 -29 -186q-7 -28 -36 -28h-222q-14 0 -24.5 8.5t-11.5 21.5l-28 184q-49 16 -90 37l-141 -107q-10 -9 -25 -9q-14 0 -25 11q-126 114 -165 168q-7 10 -7 23q0 12 8 23q15 21 51 66.5t54 70.5q-27 50 -41 99l-183 27q-13 2 -21 12.5t-8 23.5v222q0 12 8 23t19 13 l186 28q14 46 39 92q-40 57 -107 138q-10 12 -10 24q0 10 9 23q26 36 98.5 107.5t94.5 71.5q13 0 26 -10l138 -107q44 23 91 38q16 136 29 186q7 28 36 28h222q14 0 24.5 -8.5t11.5 -21.5l28 -184q49 -16 90 -37l142 107q9 9 24 9q13 0 25 -10q129 -119 165 -170q7 -8 7 -22 q0 -12 -8 -23q-15 -21 -51 -66.5t-54 -70.5q26 -50 41 -98l183 -28q13 -2 21 -12.5t8 -23.5z','&#xf013','rgb(255, 255, 255)',50,1,52),(151,'BEIA_V1.DatabaseServer','rgb(51, 122, 183)','rgb(46, 109, 164)','fa-cog','border-radius: 0;','btn-primary','M1024 640q0 106 -75 181t-181 75t-181 -75t-75 -181t75 -181t181 -75t181 75t75 181zM1536 749v-222q0 -12 -8 -23t-20 -13l-185 -28q-19 -54 -39 -91q35 -50 107 -138q10 -12 10 -25t-9 -23q-27 -37 -99 -108t-94 -71q-12 0 -26 9l-138 108q-44 -23 -91 -38 q-16 -136 -29 -186q-7 -28 -36 -28h-222q-14 0 -24.5 8.5t-11.5 21.5l-28 184q-49 16 -90 37l-141 -107q-10 -9 -25 -9q-14 0 -25 11q-126 114 -165 168q-7 10 -7 23q0 12 8 23q15 21 51 66.5t54 70.5q-27 50 -41 99l-183 27q-13 2 -21 12.5t-8 23.5v222q0 12 8 23t19 13 l186 28q14 46 39 92q-40 57 -107 138q-10 12 -10 24q0 10 9 23q26 36 98.5 107.5t94.5 71.5q13 0 26 -10l138 -107q44 23 91 38q16 136 29 186q7 28 36 28h222q14 0 24.5 -8.5t11.5 -21.5l28 -184q49 -16 90 -37l142 107q9 9 24 9q13 0 25 -10q129 -119 165 -170q7 -8 7 -22 q0 -12 -8 -23q-15 -21 -51 -66.5t-54 -70.5q26 -50 41 -98l183 -28q13 -2 21 -12.5t8 -23.5z','&#xf013','rgb(255, 255, 255)',50,1,53),(152,'BEIA_V1.TelemetryGateway','rgb(51, 122, 183)','rgb(46, 109, 164)','fa-cog','border-radius: 0;','btn-primary','M1024 640q0 106 -75 181t-181 75t-181 -75t-75 -181t75 -181t181 -75t181 75t75 181zM1536 749v-222q0 -12 -8 -23t-20 -13l-185 -28q-19 -54 -39 -91q35 -50 107 -138q10 -12 10 -25t-9 -23q-27 -37 -99 -108t-94 -71q-12 0 -26 9l-138 108q-44 -23 -91 -38 q-16 -136 -29 -186q-7 -28 -36 -28h-222q-14 0 -24.5 8.5t-11.5 21.5l-28 184q-49 16 -90 37l-141 -107q-10 -9 -25 -9q-14 0 -25 11q-126 114 -165 168q-7 10 -7 23q0 12 8 23q15 21 51 66.5t54 70.5q-27 50 -41 99l-183 27q-13 2 -21 12.5t-8 23.5v222q0 12 8 23t19 13 l186 28q14 46 39 92q-40 57 -107 138q-10 12 -10 24q0 10 9 23q26 36 98.5 107.5t94.5 71.5q13 0 26 -10l138 -107q44 23 91 38q16 136 29 186q7 28 36 28h222q14 0 24.5 -8.5t11.5 -21.5l28 -184q49 -16 90 -37l142 107q9 9 24 9q13 0 25 -10q129 -119 165 -170q7 -8 7 -22 q0 -12 -8 -23q-15 -21 -51 -66.5t-54 -70.5q26 -50 41 -98l183 -28q13 -2 21 -12.5t8 -23.5z','&#xf013','rgb(255, 255, 255)',50,1,54),(153,'BEIA_V1.NotificationServer','rgb(51, 122, 183)','rgb(46, 109, 164)','fa-cog','border-radius: 0;','btn-primary','M1024 640q0 106 -75 181t-181 75t-181 -75t-75 -181t75 -181t181 -75t181 75t75 181zM1536 749v-222q0 -12 -8 -23t-20 -13l-185 -28q-19 -54 -39 -91q35 -50 107 -138q10 -12 10 -25t-9 -23q-27 -37 -99 -108t-94 -71q-12 0 -26 9l-138 108q-44 -23 -91 -38 q-16 -136 -29 -186q-7 -28 -36 -28h-222q-14 0 -24.5 8.5t-11.5 21.5l-28 184q-49 16 -90 37l-141 -107q-10 -9 -25 -9q-14 0 -25 11q-126 114 -165 168q-7 10 -7 23q0 12 8 23q15 21 51 66.5t54 70.5q-27 50 -41 99l-183 27q-13 2 -21 12.5t-8 23.5v222q0 12 8 23t19 13 l186 28q14 46 39 92q-40 57 -107 138q-10 12 -10 24q0 10 9 23q26 36 98.5 107.5t94.5 71.5q13 0 26 -10l138 -107q44 23 91 38q16 136 29 186q7 28 36 28h222q14 0 24.5 -8.5t11.5 -21.5l28 -184q49 -16 90 -37l142 107q9 9 24 9q13 0 25 -10q129 -119 165 -170q7 -8 7 -22 q0 -12 -8 -23q-15 -21 -51 -66.5t-54 -70.5q26 -50 41 -98l183 -28q13 -2 21 -12.5t8 -23.5z','&#xf013','rgb(255, 255, 255)',50,1,55),(154,'BEIA_V1.Monitoring','rgb(51, 122, 183)','rgb(46, 109, 164)','fa-cog','border-radius: 0;','btn-primary','M1024 640q0 106 -75 181t-181 75t-181 -75t-75 -181t75 -181t181 -75t181 75t75 181zM1536 749v-222q0 -12 -8 -23t-20 -13l-185 -28q-19 -54 -39 -91q35 -50 107 -138q10 -12 10 -25t-9 -23q-27 -37 -99 -108t-94 -71q-12 0 -26 9l-138 108q-44 -23 -91 -38 q-16 -136 -29 -186q-7 -28 -36 -28h-222q-14 0 -24.5 8.5t-11.5 21.5l-28 184q-49 16 -90 37l-141 -107q-10 -9 -25 -9q-14 0 -25 11q-126 114 -165 168q-7 10 -7 23q0 12 8 23q15 21 51 66.5t54 70.5q-27 50 -41 99l-183 27q-13 2 -21 12.5t-8 23.5v222q0 12 8 23t19 13 l186 28q14 46 39 92q-40 57 -107 138q-10 12 -10 24q0 10 9 23q26 36 98.5 107.5t94.5 71.5q13 0 26 -10l138 -107q44 23 91 38q16 136 29 186q7 28 36 28h222q14 0 24.5 -8.5t11.5 -21.5l28 -184q49 -16 90 -37l142 107q9 9 24 9q13 0 25 -10q129 -119 165 -170q7 -8 7 -22 q0 -12 -8 -23q-15 -21 -51 -66.5t-54 -70.5q26 -50 41 -98l183 -28q13 -2 21 -12.5t8 -23.5z','&#xf013','rgb(255, 255, 255)',50,1,56),(156,'DMCKROGERS.Dave','rgb(51, 122, 183)','rgb(46, 109, 164)','fa-cog','border-radius: 0;','btn-primary','M1024 640q0 106 -75 181t-181 75t-181 -75t-75 -181t75 -181t181 -75t181 75t75 181zM1536 749v-222q0 -12 -8 -23t-20 -13l-185 -28q-19 -54 -39 -91q35 -50 107 -138q10 -12 10 -25t-9 -23q-27 -37 -99 -108t-94 -71q-12 0 -26 9l-138 108q-44 -23 -91 -38 q-16 -136 -29 -186q-7 -28 -36 -28h-222q-14 0 -24.5 8.5t-11.5 21.5l-28 184q-49 16 -90 37l-141 -107q-10 -9 -25 -9q-14 0 -25 11q-126 114 -165 168q-7 10 -7 23q0 12 8 23q15 21 51 66.5t54 70.5q-27 50 -41 99l-183 27q-13 2 -21 12.5t-8 23.5v222q0 12 8 23t19 13 l186 28q14 46 39 92q-40 57 -107 138q-10 12 -10 24q0 10 9 23q26 36 98.5 107.5t94.5 71.5q13 0 26 -10l138 -107q44 23 91 38q16 136 29 186q7 28 36 28h222q14 0 24.5 -8.5t11.5 -21.5l28 -184q49 -16 90 -37l142 107q9 9 24 9q13 0 25 -10q129 -119 165 -170q7 -8 7 -22 q0 -12 -8 -23q-15 -21 -51 -66.5t-54 -70.5q26 -50 41 -98l183 -28q13 -2 21 -12.5t8 -23.5z','&#xf013','rgb(255, 255, 255)',50,1,58);
/*!40000 ALTER TABLE `api_componenttype` ENABLE KEYS */;
UNLOCK TABLES;

--
-- Table structure for table `api_componenttype_artifacts`
--

DROP TABLE IF EXISTS `api_componenttype_artifacts`;
/*!40101 SET @saved_cs_client     = @@character_set_client */;
/*!40101 SET character_set_client = utf8 */;
CREATE TABLE `api_componenttype_artifacts` (
  `id` int(11) NOT NULL AUTO_INCREMENT,
  `componenttype_id` int(11) NOT NULL,
  `switchartifact_id` int(11) NOT NULL,
  PRIMARY KEY (`id`),
  UNIQUE KEY `componenttype_id` (`componenttype_id`,`switchartifact_id`),
  KEY `api_componen_switchartifact_id_6cf169eb_fk_api_switchartifact_id` (`switchartifact_id`),
  CONSTRAINT `api_componen_switchartifact_id_6cf169eb_fk_api_switchartifact_id` FOREIGN KEY (`switchartifact_id`) REFERENCES `api_switchartifact` (`id`),
  CONSTRAINT `api_componentt_componenttype_id_2b3bd697_fk_api_componenttype_id` FOREIGN KEY (`componenttype_id`) REFERENCES `api_componenttype` (`id`)
) ENGINE=InnoDB AUTO_INCREMENT=5 DEFAULT CHARSET=latin1;
/*!40101 SET character_set_client = @saved_cs_client */;

--
-- Dumping data for table `api_componenttype_artifacts`
--

LOCK TABLES `api_componenttype_artifacts` WRITE;
/*!40000 ALTER TABLE `api_componenttype_artifacts` DISABLE KEYS */;
INSERT INTO `api_componenttype_artifacts` VALUES (3,31,13),(4,35,14);
/*!40000 ALTER TABLE `api_componenttype_artifacts` ENABLE KEYS */;
UNLOCK TABLES;

--
-- Table structure for table `api_componenttype_requirements`
--

DROP TABLE IF EXISTS `api_componenttype_requirements`;
/*!40101 SET @saved_cs_client     = @@character_set_client */;
/*!40101 SET character_set_client = utf8 */;
CREATE TABLE `api_componenttype_requirements` (
  `id` int(11) NOT NULL AUTO_INCREMENT,
  `componenttype_id` int(11) NOT NULL,
  `switchrequirement_id` int(11) NOT NULL,
  PRIMARY KEY (`id`),
  UNIQUE KEY `componenttype_id` (`componenttype_id`,`switchrequirement_id`),
  KEY `api_co_switchrequirement_id_77ec14a7_fk_api_switchrequirement_id` (`switchrequirement_id`),
  CONSTRAINT `api_co_switchrequirement_id_77ec14a7_fk_api_switchrequirement_id` FOREIGN KEY (`switchrequirement_id`) REFERENCES `api_switchrequirement` (`id`),
  CONSTRAINT `api_componentt_componenttype_id_471c970d_fk_api_componenttype_id` FOREIGN KEY (`componenttype_id`) REFERENCES `api_componenttype` (`id`)
) ENGINE=InnoDB AUTO_INCREMENT=3 DEFAULT CHARSET=latin1;
/*!40101 SET character_set_client = @saved_cs_client */;

--
-- Dumping data for table `api_componenttype_requirements`
--

LOCK TABLES `api_componenttype_requirements` WRITE;
/*!40000 ALTER TABLE `api_componenttype_requirements` DISABLE KEYS */;
INSERT INTO `api_componenttype_requirements` VALUES (2,6,1);
/*!40000 ALTER TABLE `api_componenttype_requirements` ENABLE KEYS */;
UNLOCK TABLES;

--
-- Table structure for table `api_componenttypeproperty`
--

DROP TABLE IF EXISTS `api_componenttypeproperty`;
/*!40101 SET @saved_cs_client     = @@character_set_client */;
/*!40101 SET character_set_client = utf8 */;
CREATE TABLE `api_componenttypeproperty` (
  `id` int(11) NOT NULL AUTO_INCREMENT,
  `name` varchar(255) NOT NULL,
  `default_value` longtext NOT NULL,
  `collection_type` varchar(2) NOT NULL,
  `required` tinyint(1) NOT NULL,
  `component_type_id` int(11) NOT NULL,
  `data_type_id` int(11) NOT NULL,
  PRIMARY KEY (`id`),
  KEY `api_component_component_type_id_71fbeea6_fk_api_componenttype_id` (`component_type_id`),
  KEY `api_componenttypeproperty_7470d5e5` (`data_type_id`),
  CONSTRAINT `api_component_component_type_id_71fbeea6_fk_api_componenttype_id` FOREIGN KEY (`component_type_id`) REFERENCES `api_componenttype` (`id`),
  CONSTRAINT `api_componenttypeproper_data_type_id_2e8f38e2_fk_api_datatype_id` FOREIGN KEY (`data_type_id`) REFERENCES `api_datatype` (`id`)
) ENGINE=InnoDB AUTO_INCREMENT=128 DEFAULT CHARSET=latin1;
/*!40101 SET character_set_client = @saved_cs_client */;

--
-- Dumping data for table `api_componenttypeproperty`
--

LOCK TABLES `api_componenttypeproperty` WRITE;
/*!40000 ALTER TABLE `api_componenttypeproperty` DISABLE KEYS */;
INSERT INTO `api_componenttypeproperty` VALUES (9,'source','','S',1,45,8),(10,'target','','S',1,45,8),(11,'bandwidth','','S',1,45,2),(12,'latency','','S',0,45,2),(13,'jitter','','S',0,45,2),(14,'multicast','','S',1,45,10),(15,'host','','S',1,8,11),(16,'os','','S',1,8,12),(17,'probes','CPU_Probe:\r\n    name: \'CPU\'\r\n    active: True\r\n    static: False\r\n    metrics:\r\n      cpuTotal_metric:\r\n        name: \'cpuTotal\'\r\n        type: \'double\'\r\n        unit: \'%\'\r\n        thresholds:\r\n          threshold_0:\r\n            operator: greater_than\r\n            value: 80\r\n          threshold_1:\r\n            operator: less_than\r\n            value: 20\r\n      cpuUser_metric:\r\n        name: \'cpuUser\'\r\n        type: \'double\'\r\n        unit: \'%\'\r\n      cpuSystem_metric:\r\n        name: \'cpuSystem\'\r\n        type: \'double\'\r\n        unit: \'%\'\r\n      cpuIdle_metric:\r\n        name: \'cpuIdle\'\r\n        type: \'double\'\r\n        unit: \'%\'\r\n      cpuIOwait_metric:\r\n        name: \'cpuIOwait\'\r\n        type: \'double\'\r\n        unit: \'%\'\r\nMemory_Probe:\r\n    name: \'Memory\'\r\n    active: True\r\n    static: False\r\n    metrics:\r\n      memTotal_metric:\r\n        name: \'memTotal\'\r\n        type: \'integer\'\r\n        unit: \'KB\'\r\n      memFree_metric:\r\n        name: \'memFree\'\r\n        type: \'integer\'\r\n        unit: \'KB\'\r\n      memCache_metric:\r\n        name: \'memCache\'\r\n        type: \'integer\'\r\n        unit: \'KB\'\r\n      memSwapTotal_metric:\r\n        name: \'memSwapTotal\'\r\n        type: \'integer\'\r\n        unit: \'KB\'\r\n      memSwapFree_metric:\r\n        name: \'memSwapFree\'\r\n        type: \'integer\'\r\n        unit: \'KB\'\r\n      memUsed_metric:\r\n        name: \'memUsed\'\r\n        type: \'integer\'\r\n        unit: \'KB\'\r\n      memUsedPercent_metric:\r\n        name: \'memUsedPercent\'\r\n        type: \'double\'\r\n        unit: \'%\'\r\n        thresholds: \r\n          threshold_0:\r\n            operator: greater_than\r\n            value: 80\r\n          threshold_1:\r\n            operator: less_than\r\n            value: 20\r\nDiskStats_Probe:\r\n    name: \'DiskStats\'\r\n    active: True\r\n    static: False\r\n    metrics:\r\n      readkbps_metric:\r\n        name: \'readkbps\'\r\n        type: \'double\'\r\n        unit: \'KB/s\'\r\n      writekbps_metric:\r\n        name: \'writekbps\'\r\n        type: \'double\'\r\n        unit: \'KB/s\'\r\n      iotime_metric:\r\n        name: \'iotime\'\r\n        type: \'double\'\r\n        unit: \'%\'\r\n        thresholds:\r\n          threshold_0:\r\n            operator: greater_than\r\n            value: 60\r\nDisk_Probe:\r\n    name: \'Disk\'\r\n    active: True\r\n    static: False\r\n    metrics:\r\n      diskFree_metric:\r\n        name: \'diskFree\'\r\n        type: \'long\'\r\n        unit: \'MB\'\r\n        thresholds:\r\n          threshold_0:\r\n            operator: less_than\r\n            value: 500\r\n      diskTotal_metric:\r\n        name: \'diskTotal\'\r\n        type: \'long\'\r\n        unit: \'MB\'\r\nNetwork_Probe:\r\n    name: \'Network\'\r\n    active: True\r\n    static: False\r\n    metrics:\r\n      netBytesIN_metric:\r\n        name: \'netBytesIN\'\r\n        type: \'double\'\r\n        unit: \'bytes/s\'\r\n      netBytesOUT_metric:\r\n        name: \'netBytesOUT\'\r\n        type: \'double\'\r\n        unit: \'bytes/s\'\r\n      netPacketsIN_metric:\r\n        name: \'netPacketsIN\'\r\n        type: \'double\'\r\n        unit: \'bytes/s\'\r\n      netPacketsOUT_metric:\r\n        name: \'netPacketsOUT\'\r\n        type: \'double\'\r\n        unit: \'bytes/s\'\r\nStaticInfo_Probe:\r\n    name: \'StaticInfo\'\r\n    active: True\r\n    static: True\r\n    metrics:\r\n      arch_metric:\r\n        name: \'arch\'\r\n        type: \'string\'\r\n      btime_metric:\r\n        name: \'btime\'\r\n        type: \'string\'\r\n      cpuNum_metric:\r\n        name: \'cpuNum\'\r\n        type: \'string\'\r\n      os_metric:\r\n        name: \'os\'\r\n        type: \'string\'','M',1,5,13),(22,'ports_mapping','port_mapping_0:\n  container_port: 8080\n  host_port: 8080\nport_mapping_1:\n  container_port: 4242\n  host_port: 4242\nport_mapping_2:\n  container_port: 4245\n  host_port: 4245\nport_mapping_3:\n  container_port: 7199\n  host_port: 7199\nport_mapping_4:\n  container_port: 7000\n  host_port: 7000\nport_mapping_5:\n  container_port: 7001\n  host_port: 7001\nport_mapping_6:\n  container_port: 9160\n  host_port: 9160\nport_mapping_7:\n  container_port: 9042\n  host_port: 9042\nport_mapping_8:\n  container_port: 8012\n  host_port: 8012\nport_mapping_9:\n  container_port: 61621\n  host_port: 61621','M',1,70,16),(23,'ports_mapping','','M',1,50,16),(24,'QoS','','S',1,45,7),(25,'QoS','','S',1,6,7),(26,'domain','','S',1,30,1),(27,'nodetype','','S',1,30,1),(28,'OStype','','S',1,30,1),(29,'installation','','S',1,30,1),(30,'script','','S',1,30,1),(31,'role','','S',1,30,1),(32,'public_address','','S',1,30,1),(33,'name','','S',1,31,1),(34,'netmask','255.255.255.0','S',1,31,1),(35,'subnet','192.168.10.0','S',1,31,1),(36,'agent_id','null','S',1,5,1),(37,'QoS','','S',0,50,7),(38,'in_ports','','M',0,50,17),(39,'out_ports','','M',0,50,17),(40,'scaling_mode','','S',0,50,1),(41,'dockers','','S',0,50,1),(42,'name','','S',0,50,1),(43,'ethernet_port','','L',0,50,18),(44,'instanceId','','S',1,30,1),(55,'subnet_name','','S',0,30,1),(66,'inPort','2000','S',1,119,2),(67,'multicastAddrIP','255.2.2.0','S',1,119,1),(68,'multicastAddrPort','3000','S',1,119,2),(69,'videoWidth','170','S',1,119,2),(70,'videoHeight','100','S',1,119,2),(71,'waitingTime','5','S',1,119,2),(72,'multicastAddrIP','255.2.2.0','S',1,120,1),(73,'multicastAddrPort','3000','S',1,120,2),(74,'videoHeight','100','S',1,120,2),(75,'videoWidth','170','S',1,120,2),(76,'ips','','S',1,121,1),(77,'deploy','','S',1,121,1),(78,'bb','','S',1,122,1),(79,'Output_Uncompressed_Video_Multicast_Address','225.2.2.0','S',1,123,1),(80,'Output_Uncompressed_Video_Multicast_Port','3000\nwaiting time Waiting time (in seconds)\nfor Input Distributor to\nreceive TS stream\n5\nswitcherOutAddrIP Multicast IP address where\nVideo Switcher','S',1,123,1),(81,'Waiting_Time','5','S',1,123,1),(82,'Input_RTP_TS_Port','2000','S',1,123,1),(83,'Waiting_Time','rerqr','S',1,126,1),(84,'Output_Uncompressed_Video_Multicast_Address','226.2.2.2','S',1,127,1),(85,'Output_Uncompressed_Video_Multicast_Port','6000','S',1,127,1),(86,'Output_REST_PORT','8008','S',1,127,1),(87,'Waiting_Time','5','S',1,127,1),(88,'Input_A_Uncompressed_Video_Multicast_Address','225.2.2.0','S',1,127,1),(89,'Input_A_Uncompressed_Video_Multicast_Port','3000','S',1,127,1),(90,'Input_B_Uncompressed_Video_Multicast_Address','225.2.2.1','S',1,127,1),(91,'Input_B_Uncompressed_Video_Multicast_Port','3002','S',1,127,1),(92,'Input_Video_Width','176','S',1,127,1),(93,'Input_Video_Height','100','S',1,127,1),(94,'port','23','S',1,127,2),(95,'port2','24','S',1,128,2),(96,'inPort','','S',1,129,2),(97,'multicastAddrIP','','S',1,129,10),(98,'inPort','2000','S',1,130,17),(99,'inPort','2000','S',1,131,17),(100,'multicastAddrIP','225.2.2.0','S',1,131,10),(101,'multicastAddrPort','3000','S',1,131,17),(102,'waitingTime','5','S',1,131,2),(103,'videoWidth','176','S',1,132,2),(104,'videoHeight','100','S',1,132,2),(105,'OutIP','192.168.1.194','S',1,132,10),(106,'OutPort','4000','S',1,132,17),(107,'multicastAddrIP','225.2.2.0','S',1,133,10),(108,'multicastAddrPort','3000','S',1,133,17),(109,'switcherOutAddrIP','226.2.2.2','S',1,134,10),(110,'switcherREST','switcherREST','S',1,134,17),(111,'multicastAddrPort','3000','S',1,134,17),(112,'waitingTime','5','S',1,134,2),(113,'switcherOutAddrPort','6000','S',1,134,17),(114,'multicastAddrIP','225.2.2.0','S',1,134,10),(115,'multicastAddrPort2','3002','S',1,134,17),(116,'videoHeight','100','S',1,134,2),(117,'multicastAddrIP2','225.2.2.2','S',1,134,10),(118,'videoWidth','176','S',1,134,2),(119,'Name','BEIA_Gateway','S',1,135,1),(120,'name','','S',0,136,1),(121,'Name','','S',1,137,1),(122,'Name','','S',1,137,1),(123,'Sampling rate','','S',1,137,1),(124,'Name','','S',1,138,1),(125,'Name','','S',1,149,1),(126,'dave','','S',1,156,1),(127,'subnet_name','','S',0,30,1);
/*!40000 ALTER TABLE `api_componenttypeproperty` ENABLE KEYS */;
UNLOCK TABLES;

--
-- Table structure for table `api_datatype`
--

DROP TABLE IF EXISTS `api_datatype`;
/*!40101 SET @saved_cs_client     = @@character_set_client */;
/*!40101 SET character_set_client = utf8 */;
CREATE TABLE `api_datatype` (
  `id` int(11) NOT NULL AUTO_INCREMENT,
  `name` varchar(255) NOT NULL,
  `default_value` longtext NOT NULL,
  `parent_id` int(11) DEFAULT NULL,
  PRIMARY KEY (`id`),
  KEY `api_datatype_parent_id_793e0533_fk_api_datatype_id` (`parent_id`),
  CONSTRAINT `api_datatype_parent_id_793e0533_fk_api_datatype_id` FOREIGN KEY (`parent_id`) REFERENCES `api_datatype` (`id`)
) ENGINE=InnoDB AUTO_INCREMENT=19 DEFAULT CHARSET=latin1;
/*!40101 SET character_set_client = @saved_cs_client */;

--
-- Dumping data for table `api_datatype`
--

LOCK TABLES `api_datatype` WRITE;
/*!40000 ALTER TABLE `api_datatype` DISABLE KEYS */;
INSERT INTO `api_datatype` VALUES (1,'string','SET_ITS_VALUE',NULL),(2,'integer','SET_ITS_VALUE',NULL),(3,'float','SET_ITS_VALUE',NULL),(4,'boolean','SET_ITS_VALUE',NULL),(5,'tosca.datatypes.Root','',NULL),(7,'Switch.datatypes.QoS.AppComponent','',5),(8,'Switch.datatypes.Application.Connection.EndPoint','',5),(9,'Switch.datatypes.Application.Connection.Multicast','',5),(10,'Switch.datatypes.Network.Multicast','',5),(11,'Switch.datatypes.hw.host','num_cpus: SET_ITS_VALUE\ncpu_frequency: SET_ITS_VALUE\ndisk_size: SET_ITS_VALUE\nmem_size: SET_ITS_VALUE',5),(12,'Switch.datatypes.hw.os','architecture: x86_64\ntype: linux\ndistribution: ubuntu\nos_version: 16.04',5),(13,'Switch.datatypes.monitoring.probe','',5),(14,'Switch.datatypes.monitoring.metric','',5),(15,'Switch.datatypes.monitoring.metric.threshold','',5),(16,'Switch.datatypes.port_mapping','',5),(17,'Switch.datatypes.port','',5),(18,'Switch.datatypes.ethernet_port','',5);
/*!40000 ALTER TABLE `api_datatype` ENABLE KEYS */;
UNLOCK TABLES;

--
-- Table structure for table `api_datatypeproperty`
--

DROP TABLE IF EXISTS `api_datatypeproperty`;
/*!40101 SET @saved_cs_client     = @@character_set_client */;
/*!40101 SET character_set_client = utf8 */;
CREATE TABLE `api_datatypeproperty` (
  `id` int(11) NOT NULL AUTO_INCREMENT,
  `name` varchar(255) NOT NULL,
  `default_value` longtext NOT NULL,
  `required` tinyint(1) NOT NULL,
  `collection_type` varchar(2) NOT NULL,
  `data_type_id` int(11) NOT NULL,
  `parent_data_type_id` int(11) NOT NULL,
  PRIMARY KEY (`id`),
  KEY `api_datatypeproperty_data_type_id_5812430_fk_api_datatype_id` (`data_type_id`),
  KEY `api_datatypeprop_parent_data_type_id_610d9dac_fk_api_datatype_id` (`parent_data_type_id`),
  CONSTRAINT `api_datatypeprop_parent_data_type_id_610d9dac_fk_api_datatype_id` FOREIGN KEY (`parent_data_type_id`) REFERENCES `api_datatype` (`id`),
  CONSTRAINT `api_datatypeproperty_data_type_id_5812430_fk_api_datatype_id` FOREIGN KEY (`data_type_id`) REFERENCES `api_datatype` (`id`)
) ENGINE=InnoDB AUTO_INCREMENT=43 DEFAULT CHARSET=latin1;
/*!40101 SET character_set_client = @saved_cs_client */;

--
-- Dumping data for table `api_datatypeproperty`
--

LOCK TABLES `api_datatypeproperty` WRITE;
/*!40000 ALTER TABLE `api_datatypeproperty` DISABLE KEYS */;
INSERT INTO `api_datatypeproperty` VALUES (2,'response_time','',1,'S',2,7),(3,'address','',1,'S',1,8),(4,'component_name','',1,'S',1,8),(5,'netmask','',1,'S',1,8),(6,'port_name','',1,'S',1,8),(7,'multicastAddrIP','',1,'S',1,9),(8,'multicastAddrPort','',1,'S',1,9),(9,'multicastAddrIP','',1,'S',1,10),(10,'multicastAddrPort','',1,'S',1,10),(15,'num_cpus','',1,'S',2,11),(16,'cpu_frequency','',1,'S',3,11),(17,'disk_size','',1,'S',2,11),(18,'mem_size','',1,'S',2,11),(19,'architecture','',1,'S',1,12),(20,'type','',1,'S',1,12),(21,'distribution','',1,'S',1,12),(22,'os_version','',1,'S',1,12),(23,'name','',1,'S',1,13),(24,'path','',0,'S',1,13),(25,'active','',1,'S',4,13),(26,'name','',1,'S',1,14),(29,'type','',1,'S',1,14),(30,'unit','',0,'S',1,14),(31,'operator','equal',1,'S',1,15),(32,'value','',1,'S',2,15),(33,'thresholds','',0,'M',15,14),(34,'static','False',1,'S',4,13),(35,'metrics','',1,'M',14,13),(36,'host_port','',1,'S',2,16),(37,'container_port','',1,'S',2,16),(38,'type','',1,'S',1,17),(39,'port','',1,'S',1,17),(40,'name','',1,'S',1,18),(41,'subnet_name','',1,'S',1,18),(42,'address','',1,'S',1,18);
/*!40000 ALTER TABLE `api_datatypeproperty` ENABLE KEYS */;
UNLOCK TABLES;

--
-- Table structure for table `api_dependencylink`
--

DROP TABLE IF EXISTS `api_dependencylink`;
/*!40101 SET @saved_cs_client     = @@character_set_client */;
/*!40101 SET character_set_client = utf8 */;
CREATE TABLE `api_dependencylink` (
  `id` int(11) NOT NULL AUTO_INCREMENT,
  `uuid` char(32) NOT NULL,
  `dependant_id` int(11) NOT NULL,
  `dependency_id` int(11) NOT NULL,
  `graph_id` int(11) NOT NULL,
  PRIMARY KEY (`id`),
  KEY `api_dependencylink_545f1123` (`dependant_id`),
  KEY `api_dependencylink_d11782a6` (`dependency_id`),
  KEY `api_dependencylink_1ec0e39d` (`graph_id`),
  CONSTRAINT `api_dependency_dependant_id_13f5c660_fk_api_componentinstance_id` FOREIGN KEY (`dependant_id`) REFERENCES `api_componentinstance` (`id`),
  CONSTRAINT `api_dependency_dependency_id_b527c23_fk_api_componentinstance_id` FOREIGN KEY (`dependency_id`) REFERENCES `api_componentinstance` (`id`),
  CONSTRAINT `api_dependencylink_graph_id_95ebfd1_fk_api_graphbase_id` FOREIGN KEY (`graph_id`) REFERENCES `api_graphbase` (`id`)
) ENGINE=InnoDB AUTO_INCREMENT=20 DEFAULT CHARSET=latin1;
/*!40101 SET character_set_client = @saved_cs_client */;

--
-- Dumping data for table `api_dependencylink`
--

LOCK TABLES `api_dependencylink` WRITE;
/*!40000 ALTER TABLE `api_dependencylink` DISABLE KEYS */;
INSERT INTO `api_dependencylink` VALUES (11,'5488896c82bf41f18a501c8a1c9224d7',454,450,175),(12,'1ffac66db4b34e93951ec6ee16b6db3a',459,450,175),(13,'3f8f02d7b75a4c77bf335606c28e5d7d',459,454,175),(15,'a69d6300099f4fa1a58c5debff8ef4b2',588,595,127),(16,'31888918ee114b3fa8ac682f1ce871a6',588,595,127),(17,'c379da504aa14e718fc8cc53683906ee',588,591,127),(18,'bc36ecdd8a79405eb3c663cbac0ab807',591,595,127),(19,'b981488e0b4e4d89a9e35452ae012576',748,747,229);
/*!40000 ALTER TABLE `api_dependencylink` ENABLE KEYS */;
UNLOCK TABLES;

--
-- Table structure for table `api_dstinstance`
--

DROP TABLE IF EXISTS `api_dstinstance`;
/*!40101 SET @saved_cs_client     = @@character_set_client */;
/*!40101 SET character_set_client = utf8 */;
CREATE TABLE `api_dstinstance` (
  `id` int(11) NOT NULL AUTO_INCREMENT,
  `dst_service_id` varchar(255) NOT NULL,
  `date_created` datetime(6) NOT NULL,
  `token` varchar(255) NOT NULL,
  PRIMARY KEY (`id`)
) ENGINE=InnoDB AUTO_INCREMENT=9 DEFAULT CHARSET=latin1;
/*!40101 SET character_set_client = @saved_cs_client */;

--
-- Dumping data for table `api_dstinstance`
--

LOCK TABLES `api_dstinstance` WRITE;
/*!40000 ALTER TABLE `api_dstinstance` DISABLE KEYS */;
INSERT INTO `api_dstinstance` VALUES (1,'','2017-08-20 18:53:37.664019',''),(5,'','2017-08-20 19:01:29.292030',''),(6,'','2017-08-20 19:07:05.765883',''),(7,'','2017-08-20 19:22:16.361025',''),(8,'','2017-08-20 19:43:33.973172','');
/*!40000 ALTER TABLE `api_dstinstance` ENABLE KEYS */;
UNLOCK TABLES;

--
-- Table structure for table `api_dstrequest`
--

DROP TABLE IF EXISTS `api_dstrequest`;
/*!40101 SET @saved_cs_client     = @@character_set_client */;
/*!40101 SET character_set_client = utf8 */;
CREATE TABLE `api_dstrequest` (
  `id` int(11) NOT NULL AUTO_INCREMENT,
  `dst_instance_id` varchar(255) NOT NULL,
  `date_requested` datetime(6) NOT NULL,
  `dst_url` varchar(255) NOT NULL,
  `dst_payload` longtext,
  `dst_response` longtext,
  PRIMARY KEY (`id`)
) ENGINE=InnoDB DEFAULT CHARSET=latin1;
/*!40101 SET character_set_client = @saved_cs_client */;

--
-- Dumping data for table `api_dstrequest`
--

LOCK TABLES `api_dstrequest` WRITE;
/*!40000 ALTER TABLE `api_dstrequest` DISABLE KEYS */;
/*!40000 ALTER TABLE `api_dstrequest` ENABLE KEYS */;
UNLOCK TABLES;

--
-- Table structure for table `api_dstupdate`
--

DROP TABLE IF EXISTS `api_dstupdate`;
/*!40101 SET @saved_cs_client     = @@character_set_client */;
/*!40101 SET character_set_client = utf8 */;
CREATE TABLE `api_dstupdate` (
  `id` int(11) NOT NULL AUTO_INCREMENT,
  `dst_instance_id` varchar(255) NOT NULL,
  `date_updated` datetime(6) NOT NULL,
  `dst_query_params` longtext,
  `dst_update_payload` longtext,
  PRIMARY KEY (`id`)
) ENGINE=InnoDB DEFAULT CHARSET=latin1;
/*!40101 SET character_set_client = @saved_cs_client */;

--
-- Dumping data for table `api_dstupdate`
--

LOCK TABLES `api_dstupdate` WRITE;
/*!40000 ALTER TABLE `api_dstupdate` DISABLE KEYS */;
/*!40000 ALTER TABLE `api_dstupdate` ENABLE KEYS */;
UNLOCK TABLES;

--
-- Table structure for table `api_graphbase`
--

DROP TABLE IF EXISTS `api_graphbase`;
/*!40101 SET @saved_cs_client     = @@character_set_client */;
/*!40101 SET character_set_client = utf8 */;
CREATE TABLE `api_graphbase` (
  `id` int(11) NOT NULL AUTO_INCREMENT,
  `title` varchar(255) NOT NULL,
  `created_at` datetime(6) NOT NULL,
  `updated_at` datetime(6) NOT NULL,
  `user_id` int(11) DEFAULT NULL,
  PRIMARY KEY (`id`),
  KEY `api_graphbase_e8701ad4` (`user_id`),
  CONSTRAINT `api_graphbase_user_id_401e3c4c_fk_auth_user_id` FOREIGN KEY (`user_id`) REFERENCES `auth_user` (`id`)
) ENGINE=InnoDB AUTO_INCREMENT=237 DEFAULT CHARSET=latin1;
/*!40101 SET character_set_client = @saved_cs_client */;

--
-- Dumping data for table `api_graphbase`
--

LOCK TABLES `api_graphbase` WRITE;
/*!40000 ALTER TABLE `api_graphbase` DISABLE KEYS */;
INSERT INTO `api_graphbase` VALUES (5,'monitoring_agent','2017-02-01 13:15:34.466827','2017-02-01 13:15:34.467021',NULL),(6,'qos_constraint','2017-02-01 11:39:46.741564','2017-02-01 11:39:46.741908',NULL),(7,'adaptation_policy','2017-02-01 12:10:20.180389','2017-02-01 12:10:20.180669',NULL),(8,'hw_requirement','2017-02-01 11:38:46.484452','2017-02-01 11:38:46.484985',NULL),(25,'dst','2017-02-01 11:51:18.704265','2017-02-01 11:51:18.704470',NULL),(30,'vm','2017-02-01 12:07:51.979124','2017-02-01 12:07:51.979397',NULL),(31,'subnet','2017-02-01 12:08:36.989728','2017-02-01 12:08:36.989988',NULL),(35,'Default Deployed Host','2017-02-01 13:15:34.466827','2017-02-01 13:15:34.467021',NULL),(40,'Default Component Group','2016-11-17 00:00:00.000000','2016-11-17 00:00:00.000000',NULL),(45,'Default Component Link','2016-11-17 00:00:00.000000','2016-11-17 00:00:00.000000',NULL),(70,'monitoring_server','2017-02-01 11:51:18.704265','2017-02-01 11:51:18.704470',NULL),(127,'121','2017-03-07 17:51:21.354956','2017-03-07 17:51:21.355017',2),(135,'copy of 121','2017-03-09 15:52:22.427423','2017-03-09 15:52:27.655431',2),(144,'Jitsi meet application','2017-03-15 14:14:29.804665','2017-03-20 13:28:06.956161',5),(155,'bb','2017-03-18 15:36:55.059845','2017-03-18 15:43:07.858660',3),(172,'InputDistributor','2017-03-20 13:58:25.903200','2017-03-20 13:58:25.903258',17),(173,'ProxyTranscoder','2017-03-20 14:01:54.146503','2017-03-20 14:01:54.146579',17),(175,'mog_sample_app','2017-03-20 14:09:10.908803','2017-03-20 14:22:00.550747',17),(177,'','2017-03-20 16:17:00.748854','2017-03-20 16:17:00.748914',NULL),(178,'JitsiMeet_docker','2017-03-21 08:46:30.537215','2017-03-21 08:46:30.537283',5),(187,'test','2017-03-27 11:44:57.794042','2017-03-27 11:44:57.794100',18),(192,'','2017-04-12 07:05:59.865767','2017-04-12 07:05:59.865827',NULL),(193,'','2017-04-12 07:32:16.584202','2017-04-12 07:32:16.584265',NULL),(194,'','2017-05-17 10:47:28.536509','2017-05-17 10:47:28.555571',NULL),(195,'','2017-05-17 10:51:11.704783','2017-05-17 10:51:11.704858',NULL),(196,'bb','2017-05-18 14:02:16.568786','2017-05-18 14:02:16.568845',3),(197,'Input_Distributor','2017-05-29 09:01:41.257341','2017-05-29 09:01:41.257404',19),(198,'MOG_Use_Case','2017-05-29 09:07:53.903794','2017-05-29 09:07:53.903849',19),(200,'Switcher','2017-05-29 09:16:43.490193','2017-05-29 09:16:43.490255',19),(203,'','2017-06-05 13:04:04.592997','2017-06-05 13:04:04.593054',NULL),(206,'InputDistributor.cardiff','2017-06-05 15:25:34.647332','2017-06-05 15:25:34.647390',20),(207,'OutputTranscoder.Cardiff','2017-06-05 15:29:00.584802','2017-06-05 15:29:00.584878',20),(208,'ProxyTranscoder.Cardiff','2017-06-05 15:33:10.326011','2017-06-05 15:33:10.326067',20),(209,'Switcher.Cardiff','2017-06-05 15:39:34.651192','2017-06-05 15:39:34.651275',20),(210,'MOG.Cardiff','2017-06-05 15:39:54.240977','2017-06-05 15:39:54.241034',20),(211,'SOmething','2017-06-07 08:49:23.068039','2017-06-07 08:49:23.068097',3),(212,'','2017-06-08 14:36:30.029599','2017-06-08 14:36:30.029656',NULL),(214,'BEIA Use Case - v1','2017-06-08 15:12:50.580942','2017-06-08 15:12:50.580999',22),(215,'RTU Sensor Data Acquisition','2017-06-08 15:16:07.605804','2017-06-08 15:16:07.605869',22),(225,'RTU Sensor Data Acquisitions','2017-06-09 09:25:46.776361','2017-06-09 09:25:46.776420',21),(226,'Database Server','2017-06-09 09:26:36.282090','2017-06-09 09:26:36.282150',21),(227,'Telemetry Gateway','2017-06-09 09:27:24.780178','2017-06-09 09:27:24.780238',21),(228,'Notification Server','2017-06-09 09:27:52.493980','2017-06-09 09:27:52.494047',21),(229,'Monitoring','2017-06-09 09:28:20.762932','2017-06-09 09:28:20.762996',21),(231,'','2017-06-20 09:50:01.067043','2017-06-20 09:50:01.067122',NULL),(233,'dave','2017-06-22 12:30:46.804000','2017-06-22 12:30:46.804000',2),(234,'Test aplication','2017-07-16 16:22:42.891056','2017-07-16 16:22:42.891122',3),(236,'','2017-07-16 19:52:09.839677','2017-07-16 19:52:09.839733',NULL);
/*!40000 ALTER TABLE `api_graphbase` ENABLE KEYS */;
UNLOCK TABLES;

--
-- Table structure for table `api_nestedcomponent`
--

DROP TABLE IF EXISTS `api_nestedcomponent`;
/*!40101 SET @saved_cs_client     = @@character_set_client */;
/*!40101 SET character_set_client = utf8 */;
CREATE TABLE `api_nestedcomponent` (
  `componentinstance_ptr_id` int(11) NOT NULL,
  `parent_id` int(11) DEFAULT NULL,
  PRIMARY KEY (`componentinstance_ptr_id`),
  KEY `D7eb5c2d2406cae19a1c92117a31bb6d` (`parent_id`),
  CONSTRAINT `D7eb5c2d2406cae19a1c92117a31bb6d` FOREIGN KEY (`parent_id`) REFERENCES `api_nestedcomponent` (`componentinstance_ptr_id`),
  CONSTRAINT `ap_componentinstance_ptr_id_22b787b8_fk_api_componentinstance_id` FOREIGN KEY (`componentinstance_ptr_id`) REFERENCES `api_componentinstance` (`id`)
) ENGINE=InnoDB DEFAULT CHARSET=latin1;
/*!40101 SET character_set_client = @saved_cs_client */;

--
-- Dumping data for table `api_nestedcomponent`
--

LOCK TABLES `api_nestedcomponent` WRITE;
/*!40000 ALTER TABLE `api_nestedcomponent` DISABLE KEYS */;
INSERT INTO `api_nestedcomponent` VALUES (5,NULL),(185,NULL),(426,NULL),(430,NULL),(450,NULL),(454,NULL),(459,NULL),(478,NULL),(479,NULL),(480,NULL),(481,NULL),(491,NULL),(492,NULL),(493,NULL),(494,NULL),(547,NULL),(548,NULL),(549,NULL),(550,NULL),(551,NULL),(552,NULL),(553,NULL),(554,NULL),(577,NULL),(581,NULL),(588,NULL),(591,NULL),(595,NULL),(600,NULL),(604,NULL),(608,NULL),(609,NULL),(610,NULL),(611,NULL),(612,NULL),(613,NULL),(614,NULL),(615,NULL),(619,NULL),(622,NULL),(624,NULL),(625,NULL),(638,NULL),(639,NULL),(640,NULL),(641,NULL),(666,NULL),(667,NULL),(669,NULL),(672,NULL),(685,NULL),(686,NULL),(691,NULL),(703,NULL),(707,NULL),(708,NULL),(709,NULL),(710,NULL),(715,NULL),(743,NULL),(744,NULL),(745,NULL),(746,NULL),(747,NULL),(748,NULL),(789,NULL),(790,NULL),(791,NULL),(792,NULL),(794,NULL),(812,NULL),(813,NULL),(816,NULL),(832,NULL),(835,NULL),(839,NULL),(863,NULL),(868,NULL),(872,NULL),(876,NULL),(880,NULL),(884,NULL),(891,NULL),(901,NULL),(905,NULL),(906,NULL),(907,NULL),(908,NULL),(909,NULL),(910,NULL),(912,NULL),(474,478),(477,479),(475,480),(898,909),(899,910),(900,910),(902,910),(903,910),(904,910),(911,910);
/*!40000 ALTER TABLE `api_nestedcomponent` ENABLE KEYS */;
UNLOCK TABLES;

--
-- Table structure for table `api_notification`
--

DROP TABLE IF EXISTS `api_notification`;
/*!40101 SET @saved_cs_client     = @@character_set_client */;
/*!40101 SET character_set_client = utf8 */;
CREATE TABLE `api_notification` (
  `id` int(11) NOT NULL AUTO_INCREMENT,
  `title` varchar(255) NOT NULL,
  `message` varchar(2048) NOT NULL,
  `created_at` datetime(6) NOT NULL,
  `updated_at` datetime(6) NOT NULL,
  `severity` int(11) NOT NULL,
  `viewed` tinyint(1) NOT NULL,
  `graph_id` int(11) NOT NULL,
  `nType` varchar(255) NOT NULL,
  PRIMARY KEY (`id`),
  KEY `api_notification_1ec0e39d` (`graph_id`),
  CONSTRAINT `api_notification_graph_id_4219e8a5_fk_api_graphbase_id` FOREIGN KEY (`graph_id`) REFERENCES `api_graphbase` (`id`)
) ENGINE=InnoDB DEFAULT CHARSET=latin1;
/*!40101 SET character_set_client = @saved_cs_client */;

--
-- Dumping data for table `api_notification`
--

LOCK TABLES `api_notification` WRITE;
/*!40000 ALTER TABLE `api_notification` DISABLE KEYS */;
/*!40000 ALTER TABLE `api_notification` ENABLE KEYS */;
UNLOCK TABLES;

--
-- Table structure for table `api_servicecomponent`
--

DROP TABLE IF EXISTS `api_servicecomponent`;
/*!40101 SET @saved_cs_client     = @@character_set_client */;
/*!40101 SET character_set_client = utf8 */;
CREATE TABLE `api_servicecomponent` (
  `componentinstance_ptr_id` int(11) NOT NULL,
  PRIMARY KEY (`componentinstance_ptr_id`),
  CONSTRAINT `ap_componentinstance_ptr_id_7b5e7181_fk_api_componentinstance_id` FOREIGN KEY (`componentinstance_ptr_id`) REFERENCES `api_componentinstance` (`id`)
) ENGINE=InnoDB DEFAULT CHARSET=latin1;
/*!40101 SET character_set_client = @saved_cs_client */;

--
-- Dumping data for table `api_servicecomponent`
--

LOCK TABLES `api_servicecomponent` WRITE;
/*!40000 ALTER TABLE `api_servicecomponent` DISABLE KEYS */;
INSERT INTO `api_servicecomponent` VALUES (3),(4),(6),(7),(8),(9),(10),(11),(138),(139),(140),(182),(183),(184),(186),(187),(427),(428),(429),(431),(432),(433),(452),(453),(456),(457),(461),(462),(463),(464),(465),(495),(496),(497),(498),(555),(563),(578),(579),(580),(582),(583),(584),(587),(589),(590),(592),(593),(594),(597),(598),(601),(602),(603),(605),(606),(607),(616),(617),(618),(620),(621),(674),(678),(681),(693),(695),(704),(705),(706),(749),(750),(751),(752),(754),(755),(756),(758),(759),(760),(761),(763),(764),(766),(796),(798),(800),(801),(811),(814),(815),(817),(818),(822),(825),(826),(827),(828),(829),(830),(831),(836),(837),(838),(840),(845),(870),(871),(882),(883),(885),(886),(887),(888),(889),(890),(896),(897),(913),(914);
/*!40000 ALTER TABLE `api_servicecomponent` ENABLE KEYS */;
UNLOCK TABLES;

--
-- Table structure for table `api_servicelink`
--

DROP TABLE IF EXISTS `api_servicelink`;
/*!40101 SET @saved_cs_client     = @@character_set_client */;
/*!40101 SET character_set_client = utf8 */;
CREATE TABLE `api_servicelink` (
  `id` int(11) NOT NULL AUTO_INCREMENT,
  `uuid` char(32) NOT NULL,
  `graph_id` int(11) NOT NULL,
  `source_id` int(11) NOT NULL,
  `target_id` int(11) NOT NULL,
  PRIMARY KEY (`id`),
  KEY `api_servicelink_1ec0e39d` (`graph_id`),
  KEY `api_servicelink_0afd9202` (`source_id`),
  KEY `api_servicelink_55e2df16` (`target_id`),
  CONSTRAINT `api_servicelink_graph_id_13d56ad4_fk_api_graphbase_id` FOREIGN KEY (`graph_id`) REFERENCES `api_graphbase` (`id`),
  CONSTRAINT `api_servicelink_source_id_124f94a8_fk_api_componentinstance_id` FOREIGN KEY (`source_id`) REFERENCES `api_componentinstance` (`id`),
  CONSTRAINT `api_servicelink_target_id_67be2d94_fk_api_componentinstance_id` FOREIGN KEY (`target_id`) REFERENCES `api_componentinstance` (`id`)
) ENGINE=InnoDB AUTO_INCREMENT=486 DEFAULT CHARSET=latin1;
/*!40101 SET character_set_client = @saved_cs_client */;

--
-- Dumping data for table `api_servicelink`
--

LOCK TABLES `api_servicelink` WRITE;
/*!40000 ALTER TABLE `api_servicelink` DISABLE KEYS */;
INSERT INTO `api_servicelink` VALUES (1,'2a1d15cbfe15465baddfaff766fd9b12',70,6,5),(2,'873cea99ca4d4fa18d1559b27c3a4e13',70,7,5),(118,'99a7d5e1637540d3bddb393212c4fe76',135,186,185),(119,'89de9ed3c4164e09bfeba2601d8e365e',135,187,185),(120,'8785a8d0d8b34a1091b3437f7afa3d16',135,185,184),(269,'0a6c460a74ac465097a8ba45a9c9c2cb',172,429,426),(270,'14ee06d700a644fa9d93e6e8b2b911ee',172,428,426),(271,'d422d209a082430f8dad1832098c9ea7',172,427,426),(272,'8d9328522ffa4575ae95eb9c6da10ef3',173,433,430),(273,'dcdfb519264a469fa90c8f2b4f2f5fc9',173,432,430),(274,'f45e011c052b4ff3b6a5fa9b1d170278',173,431,430),(291,'ec0cf2fc946a440cbe921908a89ef0e9',175,453,450),(292,'71f17e518583470095b42b821ecea90f',175,452,450),(294,'051e7c7f6e7a47298db171ccac7fa80b',175,457,454),(295,'255a6c5f8e324f98a3dafed81c4cdc1a',175,456,454),(298,'54225bb82ecb4d5ebf69f4f9cf07a335',175,461,459),(299,'5808cc4efb5448c4b125b753419300a9',175,459,453),(300,'be49776f2ee44de4a48f5005e116585a',175,459,457),(301,'d96c2cefcad44cebae5e4e199021b1d7',175,462,450),(302,'9e43761aae724598a3e0775b7aa30cc6',175,463,459),(303,'13582a112c88490db446cc1eccd81d74',175,464,454),(304,'f93fd8f8e490477db3263897a5962b3b',175,462,465),(305,'50b8b26c936448a5aa924c4040a4dcdf',175,463,465),(306,'b83e2e7ef958470b86a2a043587543bf',175,464,465),(324,'63d95baf726a4801ae8170fe8a9bbed2',178,580,577),(325,'e6d04bfac93b43b6bbc858ecf9396304',178,579,577),(326,'bb7aad51389f42b1b3d85561e91bab5d',178,578,577),(327,'f5814f5e28e24dd7b4a56940c1da4757',178,584,581),(328,'0649096461724b6f91fad6e2c45f45f8',178,583,581),(329,'1725556abd9f4f13ab88d3fa94ede5a5',178,582,581),(330,'76e27254541c4465a67794b461e4cca0',178,586,577),(331,'4b85160cac75466ea94e480c3c0758e7',178,587,581),(332,'ec4bbc3b2780470a90755491f6f61da1',127,140,139),(333,'896455f3c1c942f7a3b651c0012fd6c0',127,138,139),(334,'55241abd157c4ca691d47394579f6f7d',127,589,588),(336,'41055a7d3035450f95f6dd3b112a300d',127,594,591),(337,'db98d1a0c629424781271c13266a2739',127,593,591),(338,'54f07527faf34950b96c89bf3f71f58b',127,592,591),(339,'53faa36c8297454fbc0761a1f4be5041',127,598,595),(340,'7e4710f012f54e5980cb82439b09a37b',127,597,595),(342,'fee31a1dac1241e0a48896e265dd7130',127,138,140),(343,'00d907df304448eeaaa3a98f12720f60',127,597,140),(344,'fd15175b24c54a56a15968685ad01f69',127,589,597),(345,'84d0c69eff2b4cd48c4c937d73e8b51b',127,590,594),(346,'af55e3633d964bf3bcb78dad2b989020',127,593,589),(347,'214093fe0e4c416abe2a0d08c5d14b13',187,603,600),(348,'23d8d1fb4148455a898d0dcc765b0f27',187,602,600),(349,'27995ad1619b4292bb270b4b03bb50ce',187,601,600),(350,'b947bc28930f4ec684e74eb6b84452b3',187,607,604),(351,'fdda1f75322e4cc1958228b1923740b1',187,606,604),(352,'d744e44f277f49ef872a539195fec32e',187,605,604),(354,'aa89efa556fe4789a10e1339bd10253a',178,617,618),(355,'8a7142c1ab09455b96e2945304630d58',178,621,620),(359,'751626d044f0487cb36fa80d41ef08bd',210,674,666),(362,'e1dbac41056c4ee7aaaf0c66e176ef4d',210,678,667),(364,'c5c39a79cc914584a915411d75ffd90e',210,681,686),(366,'1108e5bb2ae34ffe8d364841a4721d69',210,693,691),(367,'435603c3e7684bc49501fcda56dbf284',210,695,669),(368,'1e7f27bbeadd4e25b1f4ff2ceb3d5588',210,695,667),(369,'d059e6dd6e844457a19350e92f791dd5',210,695,672),(370,'9c1489508e1744d3a0e38bcccbe32800',210,695,685),(371,'eb5aebd5b73e4d2d8a3c130b0e740859',210,695,686),(372,'13c90a711afd4081bcff5b22b43864c6',210,695,691),(373,'381b2cc6547148f58ac8e84d50e8bfb4',210,695,669),(374,'2f55117e96b54d1eaa664c72b547332b',210,695,666),(375,'e18c3f3877334672a696186b462d225d',210,674,669),(376,'1a5420e00be147b2ae72aaf71138ed82',210,678,672),(377,'f00557da44e0411a8b3492dee9acf535',210,678,685),(379,'262e94de5dca462b9cecc612ab1bdf73',206,704,703),(380,'33051ad0e2da4f0fb7ed1159c13df037',206,705,703),(397,'bc708383f2a64485b24672c7c9e7fee7',229,749,748),(398,'2f0fdc07e533466c8d3a120d007e2db7',229,750,748),(399,'0712ad629f2741b89ba476a4ab212bcd',225,754,743),(400,'fa39a0445c1c4539a1cba52b0bb3aa9d',225,753,743),(401,'b50502a6dcb34dd7acc6605bed6a5eb4',225,752,743),(402,'57e2563477ce4f0c8aa6676ca5893a50',225,751,743),(403,'f244c24472e04a9fac469a16310297ba',226,758,744),(404,'2a6f250c98b14b0092649de140e31fd1',226,757,744),(405,'929ab02aa62f4e3a906920dfc42ced47',226,756,744),(406,'43401484f5df4b9b8857f7a2741c382e',226,755,744),(407,'88c999e276dc474caa6129a583982e09',227,761,745),(408,'3fe5261812a34320978cb29062b03055',227,762,745),(409,'25da3c7d6d2449a2b61d5d4d91187da4',227,760,745),(410,'f9ac4810eb89473a89bc98ebca56ca53',227,759,745),(411,'cdae9c43b386482ba56110f640694f3a',228,766,746),(412,'ff4f7f2b4a3341e08bb64318e511d37e',228,765,746),(413,'5e294b4e64a3416b8251550be7ae1062',228,764,746),(414,'274511a6704d4bd4b2959a77a1fee318',228,763,746),(423,'f5eb741548864d298474e846579f6e10',233,798,794),(424,'b422990497b84127a08173f4cbb393af',233,796,794),(425,'0032b582486548ba9453c2e77ee7509f',233,811,794),(426,'beebd3bda39e46399334d5235fe33cf5',127,814,813),(427,'b94bd2f096ab4adaa3caa935ff9213a1',127,815,813),(433,'fe31c4ab5b07424a89e4a2276025b1cd',155,838,835),(434,'70cb15baa71d4ed2a977a471f70b1304',155,837,835),(435,'f7a8ffadd4854456a03a270f7d40c737',155,836,835),(436,'f881c981b7a745529d77c8053d84fcb0',234,840,839),(446,'3819aa369ac94a1cad15395867716f2c',234,871,868),(447,'0b76d3e0beab450d9152c8497c480575',234,870,868),(455,'f29d82ba4222411b9ee37126ffb61b3b',234,883,880),(456,'0644205229c54cc2b7d4879c2623e83b',234,882,880),(460,'71f392f55cad448d9e2cc019d765d99c',234,887,863),(461,'a7e4446120ba48ce806f09c7f2dbd335',234,889,839),(462,'d5e77d2f9e584fe99e804c1a2d1c82f1',234,888,884),(463,'5139326a6bd2459eb29fa4ebdb42df32',234,886,868),(464,'057ea4c3879b41d99d05df5a5aaa0ae1',234,886,880),(466,'382bef1f9a1f4a3c875ca41446e71ec0',234,885,876),(469,'ab7b9901e59a46108a71d3ed1c286144',234,896,891),(470,'2831e16f37474ed190a6a3c5ebc9de02',234,890,891),(471,'df65d2c6d8804097b914d04ae0278c21',234,890,863),(472,'bb9bd175202446c08cdbf24132913b76',234,890,884),(473,'0d29cee041814547a42c88ffa91a390c',234,890,880),(474,'adda41e7e0ca488288aa8d0f7c0b6538',234,890,876),(475,'1a168413eb4f4c159c67a5c2352fbdbc',234,890,886),(476,'c3c1c31a88424c6da3a6765d14cc2a05',234,890,887),(477,'e0f9faee90e3422ca1f2e0aff0600028',234,890,888),(478,'8ee23a951ec94ab792f1158c31512786',234,897,868),(479,'68e361dad3be4837a8ce2565dbce8f67',234,897,880),(480,'7b2cc7060f3948309d46398c50c579dc',196,831,619),(481,'45a9de3a7da44291b18d80723c636116',196,830,619),(482,'46a00de1070146ad854f2797c89d071e',196,828,619),(483,'d7f5fdd1bd274bafa1441768eb9b4708',155,913,912),(484,'41196dd83f9c4c798aa85e80c4175808',155,914,912),(485,'70ad76491a7346b58e43a37dc46a7913',155,912,838);
/*!40000 ALTER TABLE `api_servicelink` ENABLE KEYS */;
UNLOCK TABLES;

--
-- Table structure for table `api_switchartifact`
--

DROP TABLE IF EXISTS `api_switchartifact`;
/*!40101 SET @saved_cs_client     = @@character_set_client */;
/*!40101 SET character_set_client = utf8 */;
CREATE TABLE `api_switchartifact` (
  `id` int(11) NOT NULL AUTO_INCREMENT,
  `name` varchar(255) NOT NULL,
  `file` varchar(255) DEFAULT NULL,
  `repository_id` int(11) DEFAULT NULL,
  `type_id` int(11) DEFAULT NULL,
  PRIMARY KEY (`id`),
  UNIQUE KEY `name` (`name`),
  KEY `api_switchartifact_81ee1a31` (`repository_id`),
  KEY `api_switchartifact_94757cae` (`type_id`),
  CONSTRAINT `api_sw_repository_id_4bacd4c4d0cb84b7_fk_api_switchrepository_id` FOREIGN KEY (`repository_id`) REFERENCES `api_switchrepository` (`id`),
  CONSTRAINT `api_switchartifact_type_id_18aeb5b75e314c23_fk_api_toscaclass_id` FOREIGN KEY (`type_id`) REFERENCES `api_toscaclass` (`id`)
) ENGINE=InnoDB AUTO_INCREMENT=18 DEFAULT CHARSET=latin1;
/*!40101 SET character_set_client = @saved_cs_client */;

--
-- Dumping data for table `api_switchartifact`
--

LOCK TABLES `api_switchartifact` WRITE;
/*!40000 ALTER TABLE `api_switchartifact` DISABLE KEYS */;
INSERT INTO `api_switchartifact` VALUES (4,'monitoring_server_image','salmant/salman_monitoring_server_container_image',1,21),(7,'inputdistributor_image','mogswitch/InputDistributor:1.0',1,21),(8,'proxytranscoder_image','mogswitch/ProxyTranscoder:1.0',1,21),(9,'jitsimeet_docker_image',NULL,1,21),(10,'bb_image',NULL,1,21),(11,'switcher_image','',1,21),(12,'input_image',NULL,1,21),(13,'switcher.cardiff_image',NULL,1,21),(14,'gateway_image','/???',1,21),(15,'rtu_sensor_data_acquisition_image','beia/samplegen',1,21),(16,'monitoring_image','monitoring',1,21),(17,'dave_image','dave',1,21);
/*!40000 ALTER TABLE `api_switchartifact` ENABLE KEYS */;
UNLOCK TABLES;

--
-- Table structure for table `api_switchdocument`
--

DROP TABLE IF EXISTS `api_switchdocument`;
/*!40101 SET @saved_cs_client     = @@character_set_client */;
/*!40101 SET character_set_client = utf8 */;
CREATE TABLE `api_switchdocument` (
  `id` int(11) NOT NULL AUTO_INCREMENT,
  `file` varchar(100) NOT NULL,
  `description` varchar(255) NOT NULL,
  `uploaded_at` datetime(6) NOT NULL,
  `document_type_id` int(11) NOT NULL,
  `user_id` int(11) NOT NULL,
  PRIMARY KEY (`id`),
  KEY `api_switchdocument_bd49ca7f` (`document_type_id`),
  KEY `api_switchdocument_e8701ad4` (`user_id`),
  CONSTRAINT `api_switc_document_type_id_269fee4b_fk_api_switchdocumenttype_id` FOREIGN KEY (`document_type_id`) REFERENCES `api_switchdocumenttype` (`id`),
  CONSTRAINT `api_switchdocument_user_id_23258e33_fk_auth_user_id` FOREIGN KEY (`user_id`) REFERENCES `auth_user` (`id`)
) ENGINE=InnoDB AUTO_INCREMENT=16 DEFAULT CHARSET=latin1;
/*!40101 SET character_set_client = @saved_cs_client */;

--
-- Dumping data for table `api_switchdocument`
--

LOCK TABLES `api_switchdocument` WRITE;
/*!40000 ALTER TABLE `api_switchdocument` DISABLE KEYS */;
INSERT INTO `api_switchdocument` VALUES (1,'documents/2c20cb5558626540a1704b1fe524ea9a/files/id_rsa_gP8XutW.pub','','2017-03-18 11:10:48.558712',1,4),(11,'documents/2c20cb5558626540a1704b1fe524ea9a/files/Virginia_Whd7qul.pem','','2017-03-20 13:37:49.305529',4,4),(12,'documents/aa9002fda8075cc8e3522e667f38723e/files/id_rsa.pub','','2017-03-20 14:13:32.231566',1,17),(13,'documents/aa9002fda8075cc8e3522e667f38723e/files/rootkey.csv','','2017-03-20 14:13:41.486683',2,17),(14,'documents/aa9002fda8075cc8e3522e667f38723e/files/California.pem','','2017-03-20 14:13:50.628366',3,17),(15,'documents/aa9002fda8075cc8e3522e667f38723e/files/Virginia.pem','','2017-03-20 14:14:01.446575',4,17);
/*!40000 ALTER TABLE `api_switchdocument` ENABLE KEYS */;
UNLOCK TABLES;

--
-- Table structure for table `api_switchdocumenttype`
--

DROP TABLE IF EXISTS `api_switchdocumenttype`;
/*!40101 SET @saved_cs_client     = @@character_set_client */;
/*!40101 SET character_set_client = utf8 */;
CREATE TABLE `api_switchdocumenttype` (
  `id` int(11) NOT NULL AUTO_INCREMENT,
  `name` varchar(255) NOT NULL,
  `description` varchar(255) NOT NULL,
  PRIMARY KEY (`id`),
  UNIQUE KEY `name` (`name`)
) ENGINE=InnoDB AUTO_INCREMENT=7 DEFAULT CHARSET=latin1;
/*!40101 SET character_set_client = @saved_cs_client */;

--
-- Dumping data for table `api_switchdocumenttype`
--

LOCK TABLES `api_switchdocumenttype` WRITE;
/*!40000 ALTER TABLE `api_switchdocumenttype` DISABLE KEYS */;
INSERT INTO `api_switchdocumenttype` VALUES (1,'PUBLIC_SSH_KEY','user public ssh key'),(2,'AWS_ROOT_KEY','user amazon aws root key'),(3,'AWS_California_Key','user AWS california key'),(4,'AWS_Virginia_Key','user AWS virginia key'),(6,'Other','Other file');
/*!40000 ALTER TABLE `api_switchdocumenttype` ENABLE KEYS */;
UNLOCK TABLES;

--
-- Table structure for table `api_switchrepository`
--

DROP TABLE IF EXISTS `api_switchrepository`;
/*!40101 SET @saved_cs_client     = @@character_set_client */;
/*!40101 SET character_set_client = utf8 */;
CREATE TABLE `api_switchrepository` (
  `id` int(11) NOT NULL AUTO_INCREMENT,
  `name` varchar(255) NOT NULL,
  `description` varchar(255) NOT NULL,
  `url` varchar(512) NOT NULL,
  `credential` longtext NOT NULL,
  PRIMARY KEY (`id`),
  UNIQUE KEY `name` (`name`)
) ENGINE=InnoDB AUTO_INCREMENT=2 DEFAULT CHARSET=latin1;
/*!40101 SET character_set_client = @saved_cs_client */;

--
-- Dumping data for table `api_switchrepository`
--

LOCK TABLES `api_switchrepository` WRITE;
/*!40000 ALTER TABLE `api_switchrepository` DISABLE KEYS */;
INSERT INTO `api_switchrepository` VALUES (1,'SWITCH_docker_hub','switch repository in GitHub','https://github.com/switch-project','protocol: xauth\ntoken_type: X-Auth-Token\ntoken: 604bbe45ac7143a79e14f3158df67091');
/*!40000 ALTER TABLE `api_switchrepository` ENABLE KEYS */;
UNLOCK TABLES;

--
-- Table structure for table `api_switchrequirement`
--

DROP TABLE IF EXISTS `api_switchrequirement`;
/*!40101 SET @saved_cs_client     = @@character_set_client */;
/*!40101 SET character_set_client = utf8 */;
CREATE TABLE `api_switchrequirement` (
  `id` int(11) NOT NULL AUTO_INCREMENT,
  `name` varchar(255) NOT NULL,
  `capability_id` int(11) NOT NULL,
  `node_id` int(11) NOT NULL,
  `relationship_id` int(11) NOT NULL,
  PRIMARY KEY (`id`),
  UNIQUE KEY `name` (`name`),
  KEY `api_switchrequirement_73e06812` (`capability_id`),
  KEY `api_switchrequirement_c693ebc8` (`node_id`),
  KEY `api_switchrequirement_fad43076` (`relationship_id`),
  CONSTRAINT `api_switchrequirem_relationship_id_32851081_fk_api_toscaclass_id` FOREIGN KEY (`relationship_id`) REFERENCES `api_toscaclass` (`id`),
  CONSTRAINT `api_switchrequiremen_capability_id_5922b637_fk_api_toscaclass_id` FOREIGN KEY (`capability_id`) REFERENCES `api_toscaclass` (`id`),
  CONSTRAINT `api_switchrequirement_node_id_33736ed_fk_api_toscaclass_id` FOREIGN KEY (`node_id`) REFERENCES `api_toscaclass` (`id`)
) ENGINE=InnoDB AUTO_INCREMENT=3 DEFAULT CHARSET=latin1;
/*!40101 SET character_set_client = @saved_cs_client */;

--
-- Dumping data for table `api_switchrequirement`
--

LOCK TABLES `api_switchrequirement` WRITE;
/*!40000 ALTER TABLE `api_switchrequirement` DISABLE KEYS */;
INSERT INTO `api_switchrequirement` VALUES (1,'monitor_server_endpoint',25,23,26),(2,'monitored_by',25,12,26);
/*!40000 ALTER TABLE `api_switchrequirement` ENABLE KEYS */;
UNLOCK TABLES;

--
-- Table structure for table `api_toscaclass`
--

DROP TABLE IF EXISTS `api_toscaclass`;
/*!40101 SET @saved_cs_client     = @@character_set_client */;
/*!40101 SET character_set_client = utf8 */;
CREATE TABLE `api_toscaclass` (
  `id` int(11) NOT NULL AUTO_INCREMENT,
  `name` varchar(255) NOT NULL,
  `type` varchar(2) NOT NULL,
  `prefix` varchar(255) NOT NULL,
  `is_normative` tinyint(1) NOT NULL,
  `parent_id` int(11) DEFAULT NULL,
  PRIMARY KEY (`id`),
  KEY `api_toscaclass_parent_id_52d0eaa9_fk_api_toscaclass_id` (`parent_id`),
  CONSTRAINT `api_toscaclass_parent_id_52d0eaa9_fk_api_toscaclass_id` FOREIGN KEY (`parent_id`) REFERENCES `api_toscaclass` (`id`)
) ENGINE=InnoDB AUTO_INCREMENT=59 DEFAULT CHARSET=latin1;
/*!40101 SET character_set_client = @saved_cs_client */;

--
-- Dumping data for table `api_toscaclass`
--

LOCK TABLES `api_toscaclass` WRITE;
/*!40000 ALTER TABLE `api_toscaclass` DISABLE KEYS */;
INSERT INTO `api_toscaclass` VALUES (1,'Root','N','tosca.nodes',1,NULL),(2,'Compute','N','tosca.nodes',1,1),(3,'Network','N','tosca.nodes.network',0,1),(4,'Application','N','tosca.nodes.Container',1,NULL),(5,'Docker','N','Switch.nodes.Application.Container',0,4),(7,'Connection','N','Switch.nodes.Application',0,1),(8,'Root','G','tosca.groups',0,NULL),(9,'Component','N','Switch.nodes',0,1),(10,'ExternalComponent','N','Switch.nodes',0,1),(11,'Network','N','Switch.nodes',0,3),(12,'MonitoringAgent','N','Switch.nodes',0,1),(13,'EventListener','N','Switch.nodes',0,1),(14,'MessagePasser','N','Switch.nodes',0,1),(15,'Constraint','N','Switch.nodes',0,1),(16,'AdaptationPolicy','N','Switch.nodes',0,1),(17,'Requirement','N','Switch.nodes',0,1),(19,'VirtualNetwork','N','Switch.nodes',0,1),(20,'Image','A','tosca.artifacts.Deployment',1,NULL),(21,'Docker','A','tosca.artifacts.Deployment.Image.Container',0,20),(23,'MonitoringServer','N','Switch.nodes.Application.Container.Docker',0,5),(24,'Compute','N','Switch.nodes',0,2),(25,'Node','C','tosca.capabilities',1,NULL),(26,'DependsOn','R','tosca.relationships',1,NULL),(31,'MOG_InputDistributor','N','Switch.nodes.Application.Container.Docker',0,5),(32,'DST','N','Switch.nodes',0,1),(33,'UL_JitsiMeet_docker','N','Switch.nodes.Application.Container.Docker',0,5),(34,'LOKSORR_Bb','N','Switch.nodes.Application.Container.Docker',0,5),(35,'MOG_Input_Distributor','N','Switch.nodes.Application.Container.Docker.PEDRO.SANTOS',0,5),(36,'MOG_Switcher','N','Switch.nodes.Application.Container.Docker.PEDRO.SANTOS',0,5),(37,'SANTOS_Input','N','Switch.nodes.Application.Container.Docker.PEDRO',0,5),(38,'SANTOS_InputDistributor','N','Switch.nodes.Application.Container.Docker.PEDRO',0,5),(39,'Cardiff','N','Switch.nodes.Application.Container.Docker.PEDRO.SANTOS_InputDistributor',0,5),(40,'Cardiff','N','Switch.nodes.Application.Container.Docker.PEDRO.SANTOS_OutputTranscoder',0,5),(41,'SANTOS_ProxyTranscoder','N','Switch.nodes.Application.Container.Docker.PEDRO',0,5),(42,'Cardiff','N','Switch.nodes.Application.Container.Docker.PEDRO.SANTOS_Switcher',0,5),(43,'BEIA_Gateway','N','Switch.nodes.Application.Container.Docker',0,5),(44,'VLAD_THE_IMPALER_RTUSensorDataAcquisition','N','Switch.nodes.Application.Container.Docker',0,5),(45,'BEIA_RTUSensorDataAcquisition','N','Switch.nodes.Application.Container.Docker',0,5),(46,'BEIA_DB','N','Switch.nodes.Application.Container.Docker',0,5),(47,'BEIA_RTUSensorData','N','Switch.nodes.Application.Container.Docker',0,5),(48,'BEIA_Acquisition','N','Switch.nodes.Application.Container.Docker',0,5),(49,'BEIA_NotificationServer','N','Switch.nodes.Application.Container.Docker',0,5),(50,'BEIA_RTUSensorDataManagement','N','Switch.nodes.Application.Container.Docker',0,5),(51,'BEIA_V1_RTUSensorDataAcquisition','N','Switch.nodes.Application.Container.Docker',0,5),(52,'BEIA_V1_RTUSensorDataAcquisitions','N','Switch.nodes.Application.Container.Docker',0,5),(53,'BEIA_V1_DatabaseServer','N','Switch.nodes.Application.Container.Docker',0,5),(54,'BEIA_V1_TelemetryGateway','N','Switch.nodes.Application.Container.Docker',0,5),(55,'BEIA_V1_NotificationServer','N','Switch.nodes.Application.Container.Docker',0,5),(56,'BEIA_V1_Monitoring','N','Switch.nodes.Application.Container.Docker',0,5),(57,'DST','N','Switch.nodes',0,1),(58,'DST','N','Switch.nodes',0,1);
/*!40000 ALTER TABLE `api_toscaclass` ENABLE KEYS */;
UNLOCK TABLES;

--
-- Table structure for table `auth_group`
--

DROP TABLE IF EXISTS `auth_group`;
/*!40101 SET @saved_cs_client     = @@character_set_client */;
/*!40101 SET character_set_client = utf8 */;
CREATE TABLE `auth_group` (
  `id` int(11) NOT NULL AUTO_INCREMENT,
  `name` varchar(80) NOT NULL,
  PRIMARY KEY (`id`),
  UNIQUE KEY `name` (`name`)
) ENGINE=InnoDB DEFAULT CHARSET=latin1;
/*!40101 SET character_set_client = @saved_cs_client */;

--
-- Dumping data for table `auth_group`
--

LOCK TABLES `auth_group` WRITE;
/*!40000 ALTER TABLE `auth_group` DISABLE KEYS */;
/*!40000 ALTER TABLE `auth_group` ENABLE KEYS */;
UNLOCK TABLES;

--
-- Table structure for table `auth_group_permissions`
--

DROP TABLE IF EXISTS `auth_group_permissions`;
/*!40101 SET @saved_cs_client     = @@character_set_client */;
/*!40101 SET character_set_client = utf8 */;
CREATE TABLE `auth_group_permissions` (
  `id` int(11) NOT NULL AUTO_INCREMENT,
  `group_id` int(11) NOT NULL,
  `permission_id` int(11) NOT NULL,
  PRIMARY KEY (`id`),
  UNIQUE KEY `group_id` (`group_id`,`permission_id`),
  KEY `auth_group_permissi_permission_id_23962d04_fk_auth_permission_id` (`permission_id`),
  CONSTRAINT `auth_group_permissi_permission_id_23962d04_fk_auth_permission_id` FOREIGN KEY (`permission_id`) REFERENCES `auth_permission` (`id`),
  CONSTRAINT `auth_group_permissions_group_id_58c48ba9_fk_auth_group_id` FOREIGN KEY (`group_id`) REFERENCES `auth_group` (`id`)
) ENGINE=InnoDB DEFAULT CHARSET=latin1;
/*!40101 SET character_set_client = @saved_cs_client */;

--
-- Dumping data for table `auth_group_permissions`
--

LOCK TABLES `auth_group_permissions` WRITE;
/*!40000 ALTER TABLE `auth_group_permissions` DISABLE KEYS */;
/*!40000 ALTER TABLE `auth_group_permissions` ENABLE KEYS */;
UNLOCK TABLES;

--
-- Table structure for table `auth_permission`
--

DROP TABLE IF EXISTS `auth_permission`;
/*!40101 SET @saved_cs_client     = @@character_set_client */;
/*!40101 SET character_set_client = utf8 */;
CREATE TABLE `auth_permission` (
  `id` int(11) NOT NULL AUTO_INCREMENT,
  `name` varchar(255) NOT NULL,
  `content_type_id` int(11) NOT NULL,
  `codename` varchar(100) NOT NULL,
  PRIMARY KEY (`id`),
  UNIQUE KEY `content_type_id` (`content_type_id`,`codename`),
  CONSTRAINT `auth_permissi_content_type_id_51277a81_fk_django_content_type_id` FOREIGN KEY (`content_type_id`) REFERENCES `django_content_type` (`id`)
) ENGINE=InnoDB AUTO_INCREMENT=103 DEFAULT CHARSET=latin1;
/*!40101 SET character_set_client = @saved_cs_client */;

--
-- Dumping data for table `auth_permission`
--

LOCK TABLES `auth_permission` WRITE;
/*!40000 ALTER TABLE `auth_permission` DISABLE KEYS */;
INSERT INTO `auth_permission` VALUES (1,'Can add log entry',1,'add_logentry'),(2,'Can change log entry',1,'change_logentry'),(3,'Can delete log entry',1,'delete_logentry'),(4,'Can add permission',2,'add_permission'),(5,'Can change permission',2,'change_permission'),(6,'Can delete permission',2,'delete_permission'),(7,'Can add group',3,'add_group'),(8,'Can change group',3,'change_group'),(9,'Can delete group',3,'delete_group'),(10,'Can add user',4,'add_user'),(11,'Can change user',4,'change_user'),(12,'Can delete user',4,'delete_user'),(13,'Can add content type',5,'add_contenttype'),(14,'Can change content type',5,'change_contenttype'),(15,'Can delete content type',5,'delete_contenttype'),(16,'Can add session',6,'add_session'),(17,'Can change session',6,'change_session'),(18,'Can delete session',6,'delete_session'),(19,'Can add cors model',7,'add_corsmodel'),(20,'Can change cors model',7,'change_corsmodel'),(21,'Can delete cors model',7,'delete_corsmodel'),(22,'Can add Token',8,'add_token'),(23,'Can change Token',8,'change_token'),(24,'Can delete Token',8,'delete_token'),(25,'Can add graph base',9,'add_graphbase'),(26,'Can change graph base',9,'change_graphbase'),(27,'Can delete graph base',9,'delete_graphbase'),(28,'Can add notification',10,'add_notification'),(29,'Can change notification',10,'change_notification'),(30,'Can delete notification',10,'delete_notification'),(31,'Can add application',11,'add_application'),(32,'Can change application',11,'change_application'),(33,'Can delete application',11,'delete_application'),(34,'Can add data type',12,'add_datatype'),(35,'Can change data type',12,'change_datatype'),(36,'Can delete data type',12,'delete_datatype'),(37,'Can add data type property',13,'add_datatypeproperty'),(38,'Can change data type property',13,'change_datatypeproperty'),(39,'Can delete data type property',13,'delete_datatypeproperty'),(40,'Can add tosca class',14,'add_toscaclass'),(41,'Can change tosca class',14,'change_toscaclass'),(42,'Can delete tosca class',14,'delete_toscaclass'),(43,'Can add switch repository',15,'add_switchrepository'),(44,'Can change switch repository',15,'change_switchrepository'),(45,'Can delete switch repository',15,'delete_switchrepository'),(46,'Can add switch artifact',16,'add_switchartifact'),(47,'Can change switch artifact',16,'change_switchartifact'),(48,'Can delete switch artifact',16,'delete_switchartifact'),(49,'Can add switch requirement',17,'add_switchrequirement'),(50,'Can change switch requirement',17,'change_switchrequirement'),(51,'Can delete switch requirement',17,'delete_switchrequirement'),(52,'Can add application instance',18,'add_applicationinstance'),(53,'Can change application instance',18,'change_applicationinstance'),(54,'Can delete application instance',18,'delete_applicationinstance'),(55,'Can add component class',19,'add_componentclass'),(56,'Can change component class',19,'change_componentclass'),(57,'Can delete component class',19,'delete_componentclass'),(58,'Can add component type',20,'add_componenttype'),(59,'Can change component type',20,'change_componenttype'),(60,'Can delete component type',20,'delete_componenttype'),(61,'Can add component type property',21,'add_componenttypeproperty'),(62,'Can change component type property',21,'change_componenttypeproperty'),(63,'Can delete component type property',21,'delete_componenttypeproperty'),(64,'Can add component',22,'add_component'),(65,'Can change component',22,'change_component'),(66,'Can delete component',22,'delete_component'),(67,'Can add component instance',23,'add_componentinstance'),(68,'Can change component instance',23,'change_componentinstance'),(69,'Can delete component instance',23,'delete_componentinstance'),(70,'Can add nested component',24,'add_nestedcomponent'),(71,'Can change nested component',24,'change_nestedcomponent'),(72,'Can delete nested component',24,'delete_nestedcomponent'),(73,'Can add component port',25,'add_componentport'),(74,'Can change component port',25,'change_componentport'),(75,'Can delete component port',25,'delete_componentport'),(76,'Can add component link',26,'add_componentlink'),(77,'Can change component link',26,'change_componentlink'),(78,'Can delete component link',26,'delete_componentlink'),(79,'Can add dependency link',27,'add_dependencylink'),(80,'Can change dependency link',27,'change_dependencylink'),(81,'Can delete dependency link',27,'delete_dependencylink'),(82,'Can add service link',28,'add_servicelink'),(83,'Can change service link',28,'change_servicelink'),(84,'Can delete service link',28,'delete_servicelink'),(85,'Can add service component',29,'add_servicecomponent'),(86,'Can change service component',29,'change_servicecomponent'),(87,'Can delete service component',29,'delete_servicecomponent'),(88,'Can add switch document type',30,'add_switchdocumenttype'),(89,'Can change switch document type',30,'change_switchdocumenttype'),(90,'Can delete switch document type',30,'delete_switchdocumenttype'),(91,'Can add switch document',31,'add_switchdocument'),(92,'Can change switch document',31,'change_switchdocument'),(93,'Can delete switch document',31,'delete_switchdocument'),(94,'Can add dst instance',32,'add_dstinstance'),(95,'Can change dst instance',32,'change_dstinstance'),(96,'Can delete dst instance',32,'delete_dstinstance'),(97,'Can add dst request',33,'add_dstrequest'),(98,'Can change dst request',33,'change_dstrequest'),(99,'Can delete dst request',33,'delete_dstrequest'),(100,'Can add dst update',34,'add_dstupdate'),(101,'Can change dst update',34,'change_dstupdate'),(102,'Can delete dst update',34,'delete_dstupdate');
/*!40000 ALTER TABLE `auth_permission` ENABLE KEYS */;
UNLOCK TABLES;

--
-- Table structure for table `auth_user`
--

DROP TABLE IF EXISTS `auth_user`;
/*!40101 SET @saved_cs_client     = @@character_set_client */;
/*!40101 SET character_set_client = utf8 */;
CREATE TABLE `auth_user` (
  `id` int(11) NOT NULL AUTO_INCREMENT,
  `password` varchar(128) NOT NULL,
  `last_login` datetime(6) DEFAULT NULL,
  `is_superuser` tinyint(1) NOT NULL,
  `username` varchar(30) NOT NULL,
  `first_name` varchar(30) NOT NULL,
  `last_name` varchar(30) NOT NULL,
  `email` varchar(254) NOT NULL,
  `is_staff` tinyint(1) NOT NULL,
  `is_active` tinyint(1) NOT NULL,
  `date_joined` datetime(6) NOT NULL,
  PRIMARY KEY (`id`),
  UNIQUE KEY `username` (`username`)
) ENGINE=InnoDB AUTO_INCREMENT=24 DEFAULT CHARSET=latin1;
/*!40101 SET character_set_client = @saved_cs_client */;

--
-- Dumping data for table `auth_user`
--

LOCK TABLES `auth_user` WRITE;
/*!40000 ALTER TABLE `auth_user` DISABLE KEYS */;
INSERT INTO `auth_user` VALUES (1,'pbkdf2_sha256$20000$IvWgdymNczX1$oxlW8+m/K7tom3YV0ey4VERJXq5MY1zlEAfFzn0/suA=','2017-04-18 15:52:02.043555',1,'switch_admin','admin','admin','',1,1,'2017-03-01 16:51:16.808590'),(2,'pbkdf2_sha256$20000$OIWHytg0fRuN$237gRgUOaqCLGLsL/7lc+S7Xy1T4JMnrpf8Ck4Z3Su4=',NULL,0,'dmckrogers','David','Rogers','dmckrogers@gmail.com',0,1,'2017-03-01 16:51:16.808590'),(3,'pbkdf2_sha256$20000$dG4w05qs8QwX$bIk4CeVi89oTMajFnVPdtOyHNXbh6MH92EYfxGerTQ4=',NULL,0,'Loksorr','Matej','Cigal','matej.cigal@fgg.uni-lj.si',0,1,'2017-03-01 16:51:16.808590'),(4,'pbkdf2_sha256$20000$2ZK5kKcCLGJX$wP8SWC9sPH2E/X6amKGhWFeuFTm1ciE94/KDQgAB4ro=',NULL,0,'fran','Francisco','Quevedo','quevedofernandezf@cardiff.ac.uk',0,1,'2017-03-02 11:20:28.438206'),(5,'pbkdf2_sha256$20000$xkKnzF1puNX5$30FhnMemMY2DtWSK4AN11KxxZc98bkjcHZVlrq4ials=',NULL,0,'sandig','Sandi','Gec','sandi.gec@fri.uni-lj.si',0,1,'2017-03-01 16:51:16.808590'),(6,'pbkdf2_sha256$20000$bP9fMqOgzFrC$tG9MwaWcplGkN4hqvGKky2XGx2RaBRWmAO5rniy0RA4=',NULL,0,'sandigec','Sandi','Gec','sandi.gec@fri.uni-lj.si',0,1,'2017-03-01 16:51:16.808590'),(7,'pbkdf2_sha256$20000$BB6X2Rjl5kNk$XQ3shwzHwJMcRGoDCENaUZhIT0Qzbduv/qVmX3fM45w=',NULL,0,'Polona','Polona','','polly.st@gmail.com',0,1,'2017-03-01 16:51:16.808590'),(8,'pbkdf2_sha256$20000$cXcbLnSIaW7a$R+H8+ayt01hN2TaP/8kYqNGNqnmqLHuEdAaBYsxyIhU=',NULL,0,'petako','','','petako_bt@hotmail.com',0,1,'2017-03-08 13:19:31.797224'),(9,'pbkdf2_sha256$20000$CATqOXhwAT24$g6P8Jm5k6GFSrliL/aEkWS+tPpdB0WAvRwbl5DwQs4Y=',NULL,0,'skoulouz','','','S.Koulouzis@uva.nl',0,1,'2017-03-13 12:15:17.848918'),(10,'pbkdf2_sha256$20000$9jg6utdFSQ7A$yqwldDRFwnwj5f3tY7bON5EryRrZBxeZHmAw6PzCbNU=',NULL,0,'Paul','','','p.w.martin@uva.nl',0,1,'2017-03-14 07:46:27.670220'),(15,'pbkdf2_sha256$20000$qta6CFh0L1gK$n213ShUGayUR0bKgKQA/xObd3g2hZlxjJr83x3pjMFE=',NULL,0,'dracjones','','','JonesAC@cardiff.ac.uk',0,1,'2017-03-18 15:44:07.202245'),(16,'pbkdf2_sha256$20000$7VEDksgBthzI$q84qZbCBRTf43asSg7CeRYMg8wqnhCGirqWTeKLo/L0=',NULL,0,'Polona11','','','polly.st@gmail.com',0,1,'2017-03-20 12:39:36.272816'),(17,'pbkdf2_sha256$20000$CyEGN7R6h4Sn$8Gw20H8yhSWY1VZewofuOtMWmklfDca8br6oxJQF9sc=',NULL,0,'demoUser','','','quevedofernandezf@cardiff.ac.uk',0,1,'2017-03-20 13:56:37.121192'),(18,'pbkdf2_sha256$20000$5Ro5MdSCubCG$5AAJJbmjURRGc9MF6ddCQQwVSrcYCIUv8iFVaU3De/k=',NULL,0,'skoulouzis','','','S.Koulouzis@uva.nl',0,1,'2017-03-27 11:15:20.842659'),(19,'pbkdf2_sha256$20000$uTOLMeVxuN5h$Zido/P1iiuZ246A/pHUsAibj7qVG4eChiY95TXV2rXI=',NULL,0,'pedro.santos.mog','','','pedro.santos@mog-technologies.com',0,1,'2017-05-29 08:43:57.480595'),(20,'pbkdf2_sha256$20000$xliwIKYmbJHI$HPbwY4r5DL7y7B7+7rbET5F1qw8EmMF7XLYg+nX9FOo=',NULL,0,'pedro.santos','','','pedro.santos@mog-technologies.com',0,1,'2017-06-05 14:29:45.475024'),(21,'pbkdf2_sha256$20000$KdUVVtNqzR4N$lMbYesYrxc0l3+x0kG9XBmBFOTI+7O49fkp90KzrfzE=',NULL,0,'george_suciu','','','george@beia.ro',0,1,'2017-06-08 15:02:13.799449'),(22,'pbkdf2_sha256$20000$zEPtTFlRYVXb$L0UiGYPqI8HFPI/hqQu3Dc9k5Fc2/biU8Tvv+yRezSs=',NULL,0,'vlad_the_impaler','','','vlad.wing@gmail.com',0,1,'2017-06-08 15:11:22.244455'),(23,'pbkdf2_sha256$20000$HolOzJPIpG8X$m/Xjc0/OkSEMqkkHEhGuNBNH0xV0dw/M9td3wVf66MU=','2017-09-11 16:40:00.683686',1,'matejA','','','loksorr@gmail.com',1,1,'2017-08-01 15:43:48.056369');
/*!40000 ALTER TABLE `auth_user` ENABLE KEYS */;
UNLOCK TABLES;

--
-- Table structure for table `auth_user_groups`
--

DROP TABLE IF EXISTS `auth_user_groups`;
/*!40101 SET @saved_cs_client     = @@character_set_client */;
/*!40101 SET character_set_client = utf8 */;
CREATE TABLE `auth_user_groups` (
  `id` int(11) NOT NULL AUTO_INCREMENT,
  `user_id` int(11) NOT NULL,
  `group_id` int(11) NOT NULL,
  PRIMARY KEY (`id`),
  UNIQUE KEY `user_id` (`user_id`,`group_id`),
  KEY `auth_user_groups_group_id_30a071c9_fk_auth_group_id` (`group_id`),
  CONSTRAINT `auth_user_groups_group_id_30a071c9_fk_auth_group_id` FOREIGN KEY (`group_id`) REFERENCES `auth_group` (`id`),
  CONSTRAINT `auth_user_groups_user_id_24702650_fk_auth_user_id` FOREIGN KEY (`user_id`) REFERENCES `auth_user` (`id`)
) ENGINE=InnoDB DEFAULT CHARSET=latin1;
/*!40101 SET character_set_client = @saved_cs_client */;

--
-- Dumping data for table `auth_user_groups`
--

LOCK TABLES `auth_user_groups` WRITE;
/*!40000 ALTER TABLE `auth_user_groups` DISABLE KEYS */;
/*!40000 ALTER TABLE `auth_user_groups` ENABLE KEYS */;
UNLOCK TABLES;

--
-- Table structure for table `auth_user_user_permissions`
--

DROP TABLE IF EXISTS `auth_user_user_permissions`;
/*!40101 SET @saved_cs_client     = @@character_set_client */;
/*!40101 SET character_set_client = utf8 */;
CREATE TABLE `auth_user_user_permissions` (
  `id` int(11) NOT NULL AUTO_INCREMENT,
  `user_id` int(11) NOT NULL,
  `permission_id` int(11) NOT NULL,
  PRIMARY KEY (`id`),
  UNIQUE KEY `user_id` (`user_id`,`permission_id`),
  KEY `auth_user_user_perm_permission_id_3d7071f0_fk_auth_permission_id` (`permission_id`),
  CONSTRAINT `auth_user_user_perm_permission_id_3d7071f0_fk_auth_permission_id` FOREIGN KEY (`permission_id`) REFERENCES `auth_permission` (`id`),
  CONSTRAINT `auth_user_user_permissions_user_id_7cd7acb6_fk_auth_user_id` FOREIGN KEY (`user_id`) REFERENCES `auth_user` (`id`)
) ENGINE=InnoDB DEFAULT CHARSET=latin1;
/*!40101 SET character_set_client = @saved_cs_client */;

--
-- Dumping data for table `auth_user_user_permissions`
--

LOCK TABLES `auth_user_user_permissions` WRITE;
/*!40000 ALTER TABLE `auth_user_user_permissions` DISABLE KEYS */;
/*!40000 ALTER TABLE `auth_user_user_permissions` ENABLE KEYS */;
UNLOCK TABLES;

--
-- Table structure for table `authtoken_token`
--

DROP TABLE IF EXISTS `authtoken_token`;
/*!40101 SET @saved_cs_client     = @@character_set_client */;
/*!40101 SET character_set_client = utf8 */;
CREATE TABLE `authtoken_token` (
  `key` varchar(40) NOT NULL,
  `created` datetime(6) NOT NULL,
  `user_id` int(11) NOT NULL,
  PRIMARY KEY (`key`),
  UNIQUE KEY `user_id` (`user_id`),
  CONSTRAINT `authtoken_token_user_id_535fb363_fk_auth_user_id` FOREIGN KEY (`user_id`) REFERENCES `auth_user` (`id`)
) ENGINE=InnoDB DEFAULT CHARSET=latin1;
/*!40101 SET character_set_client = @saved_cs_client */;

--
-- Dumping data for table `authtoken_token`
--

LOCK TABLES `authtoken_token` WRITE;
/*!40000 ALTER TABLE `authtoken_token` DISABLE KEYS */;
INSERT INTO `authtoken_token` VALUES ('009c9596fcedeaf1c4ea1bca7160bf89b0b87a90','2017-06-08 15:02:23.848122',21),('171ef1ea892c4d378b93cb1f773f81d90a4af059','2017-03-01 17:12:00.187000',2),('2818ff6eec8f3cccb9f77db3af4c9967b78557c0','2017-03-18 15:36:30.554791',3),('2b7a76a82bcaf722ddad6a4e85ad641871a2b75f','2017-03-02 14:36:01.741170',5),('44a09fef85c7232eaa1063447fd2382b521ef829','2017-03-20 12:39:42.971512',7),('57aa1fbe70afec73b89a15c88bbac03f3df96259','2017-05-29 08:44:26.354116',19),('6be93a5130fc5225ea393eee11cfd3faa37e07d2','2017-06-05 14:29:54.840768',20),('71042f86c9bac31f36c01de9e455df18c7cffc46','2017-03-16 21:44:23.907429',1),('72bf0caee129ae4a157b6f3778842a49c3dd0197','2017-03-08 13:20:06.429872',8),('7d855e11fe22094e66c86c8d424a7d3a54de2d9f','2017-03-27 11:15:39.826799',18),('808fdd164f2d3633121b4a271e57eb71b828690b','2017-03-20 13:56:47.384971',17),('829e095fafa9ea5d761e974585a3b1a89963c70f','2017-03-18 15:44:14.782538',15),('ba77b266cedf6c8633b399147cac1712779b77c6','2017-03-13 12:15:31.224322',9),('d1d6319965f3beb52054d70ff75958a4dce7b9e1','2017-03-02 09:29:21.291927',4),('ddabfe8ba5a7d1283be18cf63987c9fbbf4b442c','2017-06-08 15:11:41.642874',22),('e7e55c3c3eae6fc918bdf847f711b3d2608efb66','2017-03-14 07:46:42.148615',10);
/*!40000 ALTER TABLE `authtoken_token` ENABLE KEYS */;
UNLOCK TABLES;

--
-- Table structure for table `corsheaders_corsmodel`
--

DROP TABLE IF EXISTS `corsheaders_corsmodel`;
/*!40101 SET @saved_cs_client     = @@character_set_client */;
/*!40101 SET character_set_client = utf8 */;
CREATE TABLE `corsheaders_corsmodel` (
  `id` int(11) NOT NULL AUTO_INCREMENT,
  `cors` varchar(255) NOT NULL,
  PRIMARY KEY (`id`)
) ENGINE=InnoDB DEFAULT CHARSET=latin1;
/*!40101 SET character_set_client = @saved_cs_client */;

--
-- Dumping data for table `corsheaders_corsmodel`
--

LOCK TABLES `corsheaders_corsmodel` WRITE;
/*!40000 ALTER TABLE `corsheaders_corsmodel` DISABLE KEYS */;
/*!40000 ALTER TABLE `corsheaders_corsmodel` ENABLE KEYS */;
UNLOCK TABLES;

--
-- Table structure for table `django_admin_log`
--

DROP TABLE IF EXISTS `django_admin_log`;
/*!40101 SET @saved_cs_client     = @@character_set_client */;
/*!40101 SET character_set_client = utf8 */;
CREATE TABLE `django_admin_log` (
  `id` int(11) NOT NULL AUTO_INCREMENT,
  `action_time` datetime(6) NOT NULL,
  `object_id` longtext,
  `object_repr` varchar(200) NOT NULL,
  `action_flag` smallint(5) unsigned NOT NULL,
  `change_message` longtext NOT NULL,
  `content_type_id` int(11) DEFAULT NULL,
  `user_id` int(11) NOT NULL,
  PRIMARY KEY (`id`),
  KEY `django_admin__content_type_id_5151027a_fk_django_content_type_id` (`content_type_id`),
  KEY `django_admin_log_user_id_1c5f563_fk_auth_user_id` (`user_id`),
  CONSTRAINT `django_admin__content_type_id_5151027a_fk_django_content_type_id` FOREIGN KEY (`content_type_id`) REFERENCES `django_content_type` (`id`),
  CONSTRAINT `django_admin_log_user_id_1c5f563_fk_auth_user_id` FOREIGN KEY (`user_id`) REFERENCES `auth_user` (`id`)
) ENGINE=InnoDB AUTO_INCREMENT=73 DEFAULT CHARSET=latin1;
/*!40101 SET character_set_client = @saved_cs_client */;

--
-- Dumping data for table `django_admin_log`
--

LOCK TABLES `django_admin_log` WRITE;
/*!40000 ALTER TABLE `django_admin_log` DISABLE KEYS */;
INSERT INTO `django_admin_log` VALUES (1,'2017-03-02 11:23:54.767502','27','Switch.nodes.Application.Container.Docker.MOG_InputDistributor',1,'',14,1),(2,'2017-03-02 11:24:44.444805','5','input_distributor_image',1,'',16,1),(3,'2017-03-02 11:28:08.280655','17','MOG.InputDistributor',1,'',20,1),(4,'2017-03-02 11:28:54.972889','6','proxy_transcoder_image',1,'',16,1),(5,'2017-03-02 11:31:17.792691','18','MOG.ProxyTranscoder',1,'',20,1),(6,'2017-03-02 11:34:52.192585','6','Monitoring Agent',2,'Changed default_value for component type property \"probes\". Changed default_value for component type property \"agent_id\".',20,1),(7,'2017-03-02 13:27:31.681001','13','SwitchApp: simple_mog_app_stage_1 by fran',2,'Changed public_view.',11,1),(8,'2017-03-02 14:02:04.496388','15','SwitchApp: simple_mog_app_stage_2 by fran',2,'Changed public_view.',11,1),(9,'2017-03-02 16:48:50.598216','12','Virtual Machine',2,'Added component type property \"subnet_name\".',20,1),(10,'2017-03-09 16:42:02.361472','5','input_distributor_image',2,'Changed file.',16,1),(11,'2017-03-09 18:19:16.984220','28','Switch.nodes.Application.Container.Docker.MOG_ProxyTranscoder',1,'',14,1),(12,'2017-03-09 18:20:08.141604','18','MOG.ProxyTranscoder',2,'Changed tosca_class.',20,1),(13,'2017-03-09 18:21:03.006639','1','Component Link',2,'Changed required for component type property \"latency\". Changed required for component type property \"jitter\".',20,1),(14,'2017-03-18 12:46:22.195525','28','Switch.nodes.Application.Container.Docker.MOG_ProxyTranscoder',3,'',14,1),(15,'2017-03-18 12:46:22.263417','27','Switch.nodes.Application.Container.Docker.MOG_InputDistributor',3,'',14,1),(16,'2017-03-18 12:47:01.215297','18','MOG.ProxyTranscoder',3,'',20,1),(17,'2017-03-18 12:47:01.271911','17','MOG.InputDistributor',3,'',20,1),(18,'2017-03-18 12:47:24.915337','28','Switch.nodes.Application.Container.Docker.MOG_ProxyTranscoder',3,'',14,1),(19,'2017-03-18 12:47:24.963503','27','Switch.nodes.Application.Container.Docker.MOG_InputDistributor',3,'',14,1),(20,'2017-03-18 12:47:44.416379','6','proxy_transcoder_image',3,'',16,1),(21,'2017-03-18 12:47:44.466266','5','input_distributor_image',3,'',16,1),(22,'2017-03-18 13:13:05.789952','11','demoUser',3,'',4,1),(23,'2017-03-18 13:15:45.009628','12','demoUser',3,'',4,1),(24,'2017-03-18 13:29:22.225911','13','demoUser',3,'',4,1),(25,'2017-03-18 14:01:35.541001','44','SwitchApp: Jitsi meet application by sandig',2,'Changed public_view.',11,1),(26,'2017-03-18 14:08:40.477113','21','Component: DanComnponent (Docker)',3,'',22,1),(27,'2017-03-18 16:38:13.322476','1','Notification: title=Alert Proxy Transcoder: input frame rate metric message=The input frame rate in the proxy transcoder is less than the threshold graph=',1,'',10,1),(28,'2017-03-18 16:39:24.480517','1','Notification: title=Alert Proxy Transcoder: input frame rate metric message=The input frame rate in the proxy transcoder is less than the threshold graph=',2,'Changed graph.',10,1),(29,'2017-03-18 16:40:17.877475','1','Notification: title=Alert Proxy Transcoder: input frame rate metric message=The input frame rate in the proxy transcoder is less than the threshold graph=',2,'Changed viewed.',10,1),(30,'2017-03-18 16:46:16.216552','2','Notification: title=kk message=The input frame rate in the proxy transcoder is less than the threshold graph=',1,'',10,1),(31,'2017-03-18 16:46:34.068210','2','Notification: title=Alert Proxy Transcoder: input frame rate metric message=The input frame rate in the proxy transcoder is less than the threshold graph=',2,'Changed title.',10,1),(32,'2017-03-18 16:46:53.866980','1','Notification: title=Alert Proxy Transcoder: input frame rate metric message=The input frame rate in the proxy transcoder is less than the threshold graph=',2,'Changed severity.',10,1),(33,'2017-03-18 16:47:06.566202','2','Notification: title=Alert Proxy Transcoder: input frame rate metric message=The input frame rate in the proxy transcoder is less than the threshold graph=',2,'Changed title, severity and viewed.',10,1),(34,'2017-03-18 16:48:18.819585','2','Notification: title=Alert Proxy Transcoder: input frame rate metric message=The input frame rate in the proxy transcoder is less than the threshold graph=',2,'No fields changed.',10,1),(35,'2017-03-18 16:49:35.731868','1','Notification: title=Alert Proxy Transcoder: input frame rate metric message=The input frame rate in the proxy transcoder is less than the threshold graph=',2,'Changed severity.',10,1),(36,'2017-03-18 16:49:48.624409','1','Notification: title=Alert Proxy Transcoder: input frame rate metric message=The input frame rate in the proxy transcoder is less than the threshold graph=',2,'No fields changed.',10,1),(37,'2017-03-18 16:50:04.235517','3','Notification: title=kk message=vsfsf graph=',1,'',10,1),(38,'2017-03-18 16:53:48.336046','2','Notification: title=Alert Proxy Transcoder: input frame rate metric message=The input frame rate in the proxy transcoder is less than the threshold graph=',3,'',10,1),(39,'2017-03-18 16:54:00.447273','3','Notification: title=kk message=vsfsf graph=',3,'',10,1),(40,'2017-03-18 16:54:00.490294','1','Notification: title=Alert Proxy Transcoder: input frame rate metric message=The input frame rate in the proxy transcoder is less than the threshold graph=',3,'',10,1),(41,'2017-03-18 16:57:06.465551','4','Notification: title=kk message=dadda graph=',1,'',10,1),(42,'2017-03-20 09:58:11.231559','4','Notification: title=kk message=dadda graph=',3,'',10,1),(43,'2017-03-20 12:37:24.298744','44','SwitchApp: Jitsi meet application by sandig',2,'Changed public_view.',11,1),(44,'2017-03-20 13:28:06.958564','44','SwitchApp: Jitsi meet application by sandig',2,'Changed public_view.',11,1),(45,'2017-03-20 13:30:48.195754','30','Switch.nodes.Application.Container.Docker.MOG_ProxyTranscoder',3,'',14,1),(46,'2017-03-20 13:30:48.270167','29','Switch.nodes.Application.Container.Docker.MOG_InputDistributor',3,'',14,1),(47,'2017-03-20 13:31:05.802674','6','proxytranscoder_image',3,'',16,1),(48,'2017-03-20 13:31:05.884891','5','inputdistributor_image',3,'',16,1),(49,'2017-03-20 13:33:48.773573','14','demoUser',3,'',4,1),(50,'2017-03-20 16:24:51.287036','5','Notification: title=Test message=this is a test graph=',1,'',10,1),(51,'2017-03-20 16:25:28.122764','5','Notification: title=Test message=this is a test graph=',2,'Changed viewed.',10,1),(52,'2017-03-20 16:26:01.482580','5','Notification: title=Test message=this is a test graph=',2,'Changed viewed.',10,1),(53,'2017-03-20 16:26:51.431279','5','Notification: title=Test message=this is a test graph=',2,'No fields changed.',10,1),(54,'2017-03-20 16:27:01.145253','6','Notification: title=xxx message=adada graph=',1,'',10,1),(55,'2017-03-20 16:27:58.539112','6','Notification: title=test2 message=adada graph=',2,'Changed title and viewed.',10,1),(56,'2017-03-20 16:28:57.052199','6','Notification: title=test2 message=adada graph=',2,'No fields changed.',10,1),(57,'2017-03-20 16:29:12.119644','7','Notification: title=test3 message=adadadad graph=',1,'',10,1),(58,'2017-03-20 16:34:23.825458','7','Notification: title=test3 message=adadadad graph=',2,'Changed viewed.',10,1),(59,'2017-03-20 16:34:35.486051','6','Notification: title=test2 message=adada graph=',2,'Changed viewed.',10,1),(60,'2017-03-20 16:34:39.227168','5','Notification: title=Test message=this is a test graph=',2,'Changed viewed.',10,1),(61,'2017-03-20 16:40:33.451421','6','Notification: title=test2 message=adada graph=',2,'Changed viewed.',10,1),(62,'2017-03-20 16:40:41.757975','7','Notification: title=test3 message=adadadad graph=',2,'Changed viewed.',10,1),(63,'2017-03-20 16:40:42.688434','7','Notification: title=test3 message=adadadad graph=',2,'No fields changed.',10,1),(64,'2017-03-20 16:40:47.323362','5','Notification: title=Test message=this is a test graph=',2,'Changed viewed.',10,1),(65,'2017-03-20 16:41:31.641606','7','Notification: title=test3 message=adadadad graph=',3,'',10,1),(66,'2017-03-20 16:41:31.751562','6','Notification: title=test2 message=adada graph=',3,'',10,1),(67,'2017-03-20 16:41:31.800999','5','Notification: title=Test message=this is a test graph=',3,'',10,1),(68,'2017-03-20 16:43:01.129511','8','Notification: title=Proxy transcoder alarm message=Input frame rate is less than the threshold defined. \\n Current value 23. \\n Desired value 24 graph=',1,'',10,1),(69,'2017-03-20 16:43:35.951371','8','Notification: title=Proxy transcoder alarm message=Input frame rate is less than the threshold defined. /n Current value 23. /n Desired value 24 graph=',2,'Changed message and viewed.',10,1),(70,'2017-03-20 16:44:16.385838','8','Notification: title=Proxy transcoder alarm message=Input frame rate is less than the threshold defined. Current value 23. Desired value 24 graph=',2,'Changed message.',10,1),(71,'2017-03-20 16:44:53.450951','8','Notification: title=Proxy transcoder alarm message=Input frame rate is less than the threshold defined. Current value 23. Desired value 24 graph=',2,'No fields changed.',10,1),(72,'2017-09-11 16:40:19.882329','3','Loksorr',2,'Changed password.',4,23);
/*!40000 ALTER TABLE `django_admin_log` ENABLE KEYS */;
UNLOCK TABLES;

--
-- Table structure for table `django_content_type`
--

DROP TABLE IF EXISTS `django_content_type`;
/*!40101 SET @saved_cs_client     = @@character_set_client */;
/*!40101 SET character_set_client = utf8 */;
CREATE TABLE `django_content_type` (
  `id` int(11) NOT NULL AUTO_INCREMENT,
  `app_label` varchar(100) NOT NULL,
  `model` varchar(100) NOT NULL,
  PRIMARY KEY (`id`),
  UNIQUE KEY `django_content_type_app_label_3ec8c61c_uniq` (`app_label`,`model`)
) ENGINE=InnoDB AUTO_INCREMENT=35 DEFAULT CHARSET=latin1;
/*!40101 SET character_set_client = @saved_cs_client */;

--
-- Dumping data for table `django_content_type`
--

LOCK TABLES `django_content_type` WRITE;
/*!40000 ALTER TABLE `django_content_type` DISABLE KEYS */;
INSERT INTO `django_content_type` VALUES (1,'admin','logentry'),(11,'api','application'),(18,'api','applicationinstance'),(22,'api','component'),(19,'api','componentclass'),(23,'api','componentinstance'),(26,'api','componentlink'),(25,'api','componentport'),(20,'api','componenttype'),(21,'api','componenttypeproperty'),(12,'api','datatype'),(13,'api','datatypeproperty'),(27,'api','dependencylink'),(32,'api','dstinstance'),(33,'api','dstrequest'),(34,'api','dstupdate'),(9,'api','graphbase'),(24,'api','nestedcomponent'),(10,'api','notification'),(29,'api','servicecomponent'),(28,'api','servicelink'),(16,'api','switchartifact'),(31,'api','switchdocument'),(30,'api','switchdocumenttype'),(15,'api','switchrepository'),(17,'api','switchrequirement'),(14,'api','toscaclass'),(3,'auth','group'),(2,'auth','permission'),(4,'auth','user'),(8,'authtoken','token'),(5,'contenttypes','contenttype'),(7,'corsheaders','corsmodel'),(6,'sessions','session');
/*!40000 ALTER TABLE `django_content_type` ENABLE KEYS */;
UNLOCK TABLES;

--
-- Table structure for table `django_migrations`
--

DROP TABLE IF EXISTS `django_migrations`;
/*!40101 SET @saved_cs_client     = @@character_set_client */;
/*!40101 SET character_set_client = utf8 */;
CREATE TABLE `django_migrations` (
  `id` int(11) NOT NULL AUTO_INCREMENT,
  `app` varchar(255) NOT NULL,
  `name` varchar(255) NOT NULL,
  `applied` datetime(6) NOT NULL,
  PRIMARY KEY (`id`)
) ENGINE=InnoDB AUTO_INCREMENT=21 DEFAULT CHARSET=latin1;
/*!40101 SET character_set_client = @saved_cs_client */;

--
-- Dumping data for table `django_migrations`
--

LOCK TABLES `django_migrations` WRITE;
/*!40000 ALTER TABLE `django_migrations` DISABLE KEYS */;
INSERT INTO `django_migrations` VALUES (1,'contenttypes','0001_initial','2017-06-28 16:46:14.034000'),(2,'auth','0001_initial','2017-06-28 16:46:16.143000'),(3,'admin','0001_initial','2017-06-28 16:46:16.725000'),(4,'api','0001_initial','2017-06-28 16:46:33.579000'),(5,'contenttypes','0002_remove_content_type_name','2017-06-28 16:46:34.303000'),(6,'auth','0002_alter_permission_name_max_length','2017-06-28 16:46:34.528000'),(7,'auth','0003_alter_user_email_max_length','2017-06-28 16:46:34.741000'),(8,'auth','0004_alter_user_username_opts','2017-06-28 16:46:34.896000'),(9,'auth','0005_alter_user_last_login_null','2017-06-28 16:46:35.279000'),(10,'auth','0006_require_contenttypes_0002','2017-06-28 16:46:35.374000'),(11,'authtoken','0001_initial','2017-06-28 16:46:35.784000'),(12,'authtoken','0002_auto_20160226_1747','2017-06-28 16:46:36.395000'),(13,'sessions','0001_initial','2017-06-28 16:46:36.762000'),(14,'api','0002_auto_20170318_1343','2017-07-17 09:52:43.546440'),(15,'api','0003_auto_20170717_0952','2017-07-17 09:52:46.833212'),(16,'api','0002_dstinstance_dstrequest_dstupdate','2017-08-01 15:36:53.820436'),(17,'api','0003_notification_ntype','2017-08-01 15:36:54.013163'),(18,'api','0004_application_drip_plan_id','2017-08-20 17:58:45.739407'),(19,'api','0005_dstinstance_charfield','2017-08-20 18:33:42.901216'),(20,'api','0006_remove_dstinstance_charfield','2017-08-20 18:56:05.207868');
/*!40000 ALTER TABLE `django_migrations` ENABLE KEYS */;
UNLOCK TABLES;

--
-- Table structure for table `django_session`
--

DROP TABLE IF EXISTS `django_session`;
/*!40101 SET @saved_cs_client     = @@character_set_client */;
/*!40101 SET character_set_client = utf8 */;
CREATE TABLE `django_session` (
  `session_key` varchar(40) NOT NULL,
  `session_data` longtext NOT NULL,
  `expire_date` datetime(6) NOT NULL,
  PRIMARY KEY (`session_key`),
  KEY `django_session_de54fa62` (`expire_date`)
) ENGINE=InnoDB DEFAULT CHARSET=latin1;
/*!40101 SET character_set_client = @saved_cs_client */;

--
-- Dumping data for table `django_session`
--

LOCK TABLES `django_session` WRITE;
/*!40000 ALTER TABLE `django_session` DISABLE KEYS */;
INSERT INTO `django_session` VALUES ('ef1aj1vq8sxeqysdujkyf3ty11g029mt','ZTFjNjU2MjY4YjRmMWM1OTU0MDAxYTZlYzY0ZjZkNWFjZDdiNWU5Mjp7Il9hdXRoX3VzZXJfaGFzaCI6IjQxYmRlZGQwMTM5OTdjZWE0ZTg5ZjY0Y2UyMWE2MTg3ZDYwMmFiNzMiLCJfYXV0aF91c2VyX2JhY2tlbmQiOiJkamFuZ28uY29udHJpYi5hdXRoLmJhY2tlbmRzLk1vZGVsQmFja2VuZCIsIl9hdXRoX3VzZXJfaWQiOiIyMyJ9','2017-09-03 17:55:38.054173'),('jbm80lfuimjgn4g25phdt1n9wm61p4fw','ZTFjNjU2MjY4YjRmMWM1OTU0MDAxYTZlYzY0ZjZkNWFjZDdiNWU5Mjp7Il9hdXRoX3VzZXJfaGFzaCI6IjQxYmRlZGQwMTM5OTdjZWE0ZTg5ZjY0Y2UyMWE2MTg3ZDYwMmFiNzMiLCJfYXV0aF91c2VyX2JhY2tlbmQiOiJkamFuZ28uY29udHJpYi5hdXRoLmJhY2tlbmRzLk1vZGVsQmFja2VuZCIsIl9hdXRoX3VzZXJfaWQiOiIyMyJ9','2017-08-15 15:44:23.757431'),('x3jrfcc7nlirb4ldakl5uvcgl8tgim4i','ZTFjNjU2MjY4YjRmMWM1OTU0MDAxYTZlYzY0ZjZkNWFjZDdiNWU5Mjp7Il9hdXRoX3VzZXJfaGFzaCI6IjQxYmRlZGQwMTM5OTdjZWE0ZTg5ZjY0Y2UyMWE2MTg3ZDYwMmFiNzMiLCJfYXV0aF91c2VyX2JhY2tlbmQiOiJkamFuZ28uY29udHJpYi5hdXRoLmJhY2tlbmRzLk1vZGVsQmFja2VuZCIsIl9hdXRoX3VzZXJfaWQiOiIyMyJ9','2017-09-25 16:40:00.687113');
/*!40000 ALTER TABLE `django_session` ENABLE KEYS */;
UNLOCK TABLES;
/*!40103 SET TIME_ZONE=@OLD_TIME_ZONE */;

/*!40101 SET SQL_MODE=@OLD_SQL_MODE */;
/*!40014 SET FOREIGN_KEY_CHECKS=@OLD_FOREIGN_KEY_CHECKS */;
/*!40014 SET UNIQUE_CHECKS=@OLD_UNIQUE_CHECKS */;
/*!40101 SET CHARACTER_SET_CLIENT=@OLD_CHARACTER_SET_CLIENT */;
/*!40101 SET CHARACTER_SET_RESULTS=@OLD_CHARACTER_SET_RESULTS */;
/*!40101 SET COLLATION_CONNECTION=@OLD_COLLATION_CONNECTION */;
/*!40111 SET SQL_NOTES=@OLD_SQL_NOTES */;

-- Dump completed on 2017-09-13 15:24:08
